<?xml version="1.0" encoding="UTF-8"?>
<window id="1170">
<backgroundcolor>ff000000</backgroundcolor>
<controls>
     <control type="image">
          <width>200</width>
          <height>200</height>
          <texture>https://i.imgur.com/VBLJZl9.png</texture>
     </control>
     <control type="image">
          <top>250</top>
          <width>200</width>
          <height>200</height>
          <texture>https://i.imgur.com/E9scRif.png</texture>
     </control>
     <control type="image">
          <top>500</top>
          <width>200</width>
          <height>200</height>
          <texture>0.png</texture>
     </control>
     <control type="image">
          <top>7560</top>
          <top>250</top>
          <width>200</width>
          <height>200</height>
          <texture>1.png</texture>
     </control>
</controls>
</window>