<?xml version="1.0" encoding="UTF-8"?>
<window id="1160">
	<defaultcontrol always="true">100</defaultcontrol>
	<menucontrol>6666</menucontrol>
	<backgroundcolor>background</backgroundcolor>
	<include>PropertyIncludes</include>
	<controls>
		<include condition="String.IsEqual(Window(home).Property(plugin.video.embycon-view_item.0.type),movies)" content="EmbyConHubMovieTemplate">
			<param name="nr" value="0"/>
		</include>
		<include condition="String.IsEqual(Window(home).Property(plugin.video.embycon-view_item.0.type),tvshows)" content="EmbyConHubTVShowTemplate">
			<param name="nr" value="0"/>
		</include>
		<include condition="String.IsEqual(Window(home).Property(plugin.video.embycon-view_item.0.type),music)" content="EmbyConHubMusicTemplate">
			<param name="nr" value="0"/>
		</include>
	</controls>
</window>
