<?xml version="1.0" encoding="UTF-8"?>
<window id="1147" type="dialog">
	<zorder>9999</zorder>
	<visible>$EXP[HolidayTheme]</visible>
	<controls>
		<!-- XMAS -->
		<control type="group">
			<control type="group">
				<left>-150</left>
				<animation effect="rotate" end="20" time="10000" delay="300" pulse="true" condition="true">Conditional</animation>
				<control type="image">
					<left>40</left>
					<top>-180</top>
					<width>19</width>
					<height>19</height>
					<texture>holiday/winter/snow.png</texture>
					<aspectratio scalediffuse="false">keep</aspectratio>
					<animation effect="slide" start="0,0" end="0,1120" time="11000" delay="1600" reversible="false" loop="true" condition="true">Conditional</animation>
					<animation effect="slide" start="50,0" end="-50,0" time="5300" delay="300" reversible="false" pulse="true" condition="true">Conditional</animation>
					<colordiffuse>C2FFFFFF</colordiffuse>
				</control>
				<control type="image">
					<left>100</left>
					<top>-100</top>
					<width>28</width>
					<height>28</height>
					<texture>holiday/winter/snow.png</texture>
					<aspectratio scalediffuse="false">keep</aspectratio>
					<animation effect="slide" start="0,0" end="0,1320" time="8000" delay="0" reversible="false" loop="true" condition="true">Conditional</animation>
					<animation effect="slide" start="50,0" end="-30,0" time="3200" delay="300" reversible="false" pulse="true" condition="true">Conditional</animation>
				</control>
				<control type="image">
					<left>200</left>
					<top>-40</top>
					<width>20</width>
					<height>20</height>
					<texture>holiday/winter/snow.png</texture>
					<aspectratio scalediffuse="false">keep</aspectratio>
					<animation effect="slide" start="0,0" end="0,1420" time="12000" delay="1300" reversible="false" loop="true" condition="true">Conditional</animation>
					<animation effect="slide" start="60,0" end="-20,0" time="4300" delay="220" reversible="false" pulse="true" condition="true">Conditional</animation>
				</control>
				<control type="image">
					<left>260</left>
					<top>-80</top>
					<width>25</width>
					<height>25</height>
					<texture>holiday/winter/snow.png</texture>
					<aspectratio scalediffuse="false">keep</aspectratio>
					<animation effect="slide" start="0,0" end="0,1220" time="13000" delay="2200" reversible="false" loop="true" condition="true">Conditional</animation>
					<animation effect="slide" start="50,0" end="-40,0" time="4000" delay="200" reversible="false" pulse="true" condition="true">Conditional</animation>
				</control>
				<control type="image">
					<left>390</left>
					<top>-210</top>
					<width>17</width>
					<height>17</height>
					<texture>holiday/winter/snow.png</texture>
					<aspectratio scalediffuse="false">keep</aspectratio>
					<animation effect="slide" start="0,0" end="0,1520" time="13000" delay="600" reversible="false" loop="true" condition="true">Conditional</animation>
					<animation effect="slide" start="30,0" end="-70,0" time="5300" delay="300" reversible="false" pulse="true" condition="true">Conditional</animation>
					<colordiffuse>C2FFFFFF</colordiffuse>
				</control>
			</control>
			<control type="group">
				<left>200</left>
				<animation effect="rotate" end="22" time="9000" delay="400" pulse="true" condition="true">Conditional</animation>
				<control type="image">
					<left>40</left>
					<top>-180</top>
					<width>19</width>
					<height>19</height>
					<texture>holiday/winter/snow.png</texture>
					<aspectratio scalediffuse="false">keep</aspectratio>
					<animation effect="slide" start="0,0" end="0,1120" time="11000" delay="1600" reversible="false" loop="true" condition="true">Conditional</animation>
					<animation effect="slide" start="50,0" end="-50,0" time="5300" delay="300" reversible="false" pulse="true" condition="true">Conditional</animation>
					<colordiffuse>C2FFFFFF</colordiffuse>
				</control>
				<control type="image">
					<left>100</left>
					<top>-100</top>
					<width>28</width>
					<height>28</height>
					<texture>holiday/winter/snow.png</texture>
					<aspectratio scalediffuse="false">keep</aspectratio>
					<animation effect="slide" start="0,0" end="0,1220" time="8000" delay="0" reversible="false" loop="true" condition="true">Conditional</animation>
					<animation effect="slide" start="50,0" end="-30,0" time="3200" delay="300" reversible="false" pulse="true" condition="true">Conditional</animation>
				</control>
				<control type="image">
					<left>200</left>
					<top>-40</top>
					<width>20</width>
					<height>20</height>
					<texture>holiday/winter/snow.png</texture>
					<aspectratio scalediffuse="false">keep</aspectratio>
					<animation effect="slide" start="0,0" end="0,1420" time="12000" delay="1300" reversible="false" loop="true" condition="true">Conditional</animation>
					<animation effect="slide" start="60,0" end="-20,0" time="4300" delay="220" reversible="false" pulse="true" condition="true">Conditional</animation>
				</control>
				<control type="image">
					<left>260</left>
					<top>-80</top>
					<width>25</width>
					<height>25</height>
					<texture>holiday/winter/snow.png</texture>
					<aspectratio scalediffuse="false">keep</aspectratio>
					<animation effect="slide" start="0,0" end="0,1220" time="15000" delay="2200" reversible="false" loop="true" condition="true">Conditional</animation>
					<animation effect="slide" start="50,0" end="-40,0" time="4000" delay="200" reversible="false" pulse="true" condition="true">Conditional</animation>
				</control>
				<control type="image">
					<left>390</left>
					<top>-210</top>
					<width>17</width>
					<height>17</height>
					<texture>holiday/winter/snow.png</texture>
					<aspectratio scalediffuse="false">keep</aspectratio>
					<animation effect="slide" start="0,0" end="0,1620" time="13000" delay="600" reversible="false" loop="true" condition="true">Conditional</animation>
					<animation effect="slide" start="30,0" end="-60,0" time="5300" delay="300" reversible="false" pulse="true" condition="true">Conditional</animation>
					<colordiffuse>C2FFFFFF</colordiffuse>
				</control>
			</control>
			<control type="group">
				<left>125</left>
				<!-- -Use this to space all the groups- -->
				<animation effect="rotate" start="20" end="40" time="9000" delay="800" pulse="true" condition="true">Conditional</animation>
				<control type="image">
					<left>80</left>
					<top>-100</top>
					<width>28</width>
					<height>28</height>
					<texture>holiday/winter/snow.png</texture>
					<aspectratio scalediffuse="false">keep</aspectratio>
					<animation effect="slide" start="0,0" end="0,1120" time="8000" delay="1000" reversible="false" loop="true" condition="true">Conditional</animation>
					<animation effect="slide" start="50,0" end="-30,0" time="3200" delay="300" reversible="false" pulse="true" condition="true">Conditional</animation>
				</control>
				<control type="image">
					<left>240</left>
					<top>-40</top>
					<width>22</width>
					<height>22</height>
					<texture>holiday/winter/snow.png</texture>
					<aspectratio scalediffuse="false">keep</aspectratio>
					<animation effect="slide" start="0,0" end="0,1420" time="8000" delay="1800" reversible="false" loop="true" condition="true">Conditional</animation>
					<animation effect="slide" start="50,0" end="-40,0" time="4000" delay="200" reversible="false" pulse="true" condition="true">Conditional</animation>
				</control>
				<control type="image">
					<left>390</left>
					<top>-210</top>
					<width>20</width>
					<height>20</height>
					<texture>holiday/winter/snow.png</texture>
					<aspectratio scalediffuse="false">keep</aspectratio>
					<animation effect="slide" start="0,0" end="0,1620" time="12000" delay="1500" reversible="false" loop="true" condition="true">Conditional</animation>
					<animation effect="slide" start="30,0" end="-70,0" time="5300" delay="300" reversible="false" pulse="true" condition="true">Conditional</animation>
					<colordiffuse>C2FFFFFF</colordiffuse>
				</control>
			</control>
			<control type="group">
				<left>550</left>
				<top>-200</top>
				<animation effect="rotate" end="15" time="7000" delay="500" pulse="true" condition="true">Conditional</animation>
				<control type="image">
					<left>20</left>
					<top>-60</top>
					<width>20</width>
					<height>20</height>
					<texture>holiday/winter/snow.png</texture>
					<aspectratio scalediffuse="false">keep</aspectratio>
					<animation effect="slide" start="0,0" end="0,1420" time="12000" delay="1300" reversible="false" loop="true" condition="true">Conditional</animation>
					<animation effect="slide" start="60,0" end="-20,0" time="4300" delay="220" reversible="false" pulse="true" condition="true">Conditional</animation>
				</control>
				<control type="image">
					<left>100</left>
					<top>-190</top>
					<width>28</width>
					<height>28</height>
					<texture>holiday/winter/snow.png</texture>
					<aspectratio scalediffuse="false">keep</aspectratio>
					<animation effect="slide" start="0,0" end="0,1220" time="9000" delay="2000" reversible="false" loop="true" condition="true">Conditional</animation>
					<animation effect="slide" start="50,0" end="-60,0" time="3200" delay="300" reversible="false" pulse="true" condition="true">Conditional</animation>
				</control>
				<control type="image">
					<left>260</left>
					<top>-80</top>
					<width>24</width>
					<height>24</height>
					<texture>holiday/winter/snow.png</texture>
					<aspectratio scalediffuse="false">keep</aspectratio>
					<animation effect="slide" start="0,0" end="0,1620" time="8000" delay="2300" reversible="false" loop="true" condition="true">Conditional</animation>
					<animation effect="slide" start="50,0" end="-40,0" time="4000" delay="200" reversible="false" pulse="true" condition="true">Conditional</animation>
				</control>
				<control type="image">
					<left>330</left>
					<top>-110</top>
					<width>17</width>
					<height>17</height>
					<texture>holiday/winter/snow.png</texture>
					<aspectratio scalediffuse="false">keep</aspectratio>
					<animation effect="slide" start="0,0" end="0,1320" time="11000" delay="1600" reversible="false" loop="true" condition="true">Conditional</animation>
					<animation effect="slide" start="50,0" end="-50,0" time="5300" delay="300" reversible="false" pulse="true" condition="true">Conditional</animation>
					<colordiffuse>C2FFFFFF</colordiffuse>
				</control>
				<control type="image">
					<left>390</left>
					<top>-110</top>
					<width>20</width>
					<height>20</height>
					<texture>holiday/winter/snow.png</texture>
					<aspectratio scalediffuse="false">keep</aspectratio>
					<animation effect="slide" start="0,0" end="0,1120" time="12000" delay="2200" reversible="false" loop="true" condition="true">Conditional</animation>
					<animation effect="slide" start="-30,0" end="60,0" time="3300" delay="300" reversible="false" pulse="true" condition="true">Conditional</animation>
					<colordiffuse>C2FFFFFF</colordiffuse>
				</control>
			</control>
			<control type="group">
				<left>825</left>
				<animation effect="rotate" start="15" end="30" time="12000" delay="300" pulse="true" condition="true">Conditional</animation>
				<control type="image">
					<left>100</left>
					<top>-200</top>
					<width>26</width>
					<height>26</height>
					<texture>holiday/winter/snow.png</texture>
					<aspectratio scalediffuse="false">keep</aspectratio>
					<animation effect="slide" start="0,0" end="0,1220" time="8000" delay="3000" reversible="false" loop="true" condition="true">Conditional</animation>
					<animation effect="slide" start="50,0" end="-30,0" time="3200" delay="300" reversible="false" pulse="true" condition="true">Conditional</animation>
				</control>
				<control type="image">
					<left>200</left>
					<top>-40</top>
					<width>20</width>
					<height>20</height>
					<texture>holiday/winter/snow.png</texture>
					<aspectratio scalediffuse="false">keep</aspectratio>
					<animation effect="slide" start="0,0" end="0,1420" time="13000" delay="1300" reversible="false" loop="true" condition="true">Conditional</animation>
					<animation effect="slide" start="60,0" end="-20,0" time="4300" delay="220" reversible="false" pulse="true" condition="true">Conditional</animation>
				</control>
				<control type="image">
					<left>260</left>
					<top>-80</top>
					<width>24</width>
					<height>24</height>
					<texture>holiday/winter/snow.png</texture>
					<aspectratio scalediffuse="false">keep</aspectratio>
					<animation effect="slide" start="0,0" end="0,1120" time="8000" delay="3300" reversible="false" loop="true" condition="true">Conditional</animation>
					<animation effect="slide" start="50,0" end="-30,0" time="4000" delay="200" reversible="false" pulse="true" condition="true">Conditional</animation>
				</control>
				<control type="image">
					<left>390</left>
					<top>-110</top>
					<width>18</width>
					<height>18</height>
					<texture>holiday/winter/snow.png</texture>
					<aspectratio scalediffuse="false">keep</aspectratio>
					<animation effect="slide" start="0,0" end="0,1320" time="12000" delay="3500" reversible="false" loop="true" condition="true">Conditional</animation>
					<animation effect="slide" start="30,0" end="-50,0" time="5300" delay="300" reversible="false" pulse="true" condition="true">Conditional</animation>
					<colordiffuse>C2FFFFFF</colordiffuse>
				</control>
			</control>
			<control type="group">
				<left>1200</left>
				<animation effect="rotate" end="22" time="9000" delay="400" pulse="true" condition="true">Conditional</animation>
				<control type="image">
					<left>40</left>
					<top>-180</top>
					<width>19</width>
					<height>19</height>
					<texture>holiday/winter/snow.png</texture>
					<aspectratio scalediffuse="false">keep</aspectratio>
					<animation effect="slide" start="0,0" end="0,1120" time="11000" delay="1600" reversible="false" loop="true" condition="true">Conditional</animation>
					<animation effect="slide" start="50,0" end="-50,0" time="5300" delay="300" reversible="false" pulse="true" condition="true">Conditional</animation>
					<colordiffuse>C2FFFFFF</colordiffuse>
				</control>
				<control type="image">
					<left>100</left>
					<top>-100</top>
					<width>28</width>
					<height>28</height>
					<texture>holiday/winter/snow.png</texture>
					<aspectratio scalediffuse="false">keep</aspectratio>
					<animation effect="slide" start="0,0" end="0,1220" time="8000" delay="0" reversible="false" loop="true" condition="true">Conditional</animation>
					<animation effect="slide" start="50,0" end="-30,0" time="3200" delay="300" reversible="false" pulse="true" condition="true">Conditional</animation>
				</control>
				<control type="image">
					<left>200</left>
					<top>-40</top>
					<width>20</width>
					<height>20</height>
					<texture>holiday/winter/snow.png</texture>
					<aspectratio scalediffuse="false">keep</aspectratio>
					<animation effect="slide" start="0,0" end="0,1420" time="12000" delay="1300" reversible="false" loop="true" condition="true">Conditional</animation>
					<animation effect="slide" start="60,0" end="-20,0" time="4300" delay="220" reversible="false" pulse="true" condition="true">Conditional</animation>
				</control>
				<control type="image">
					<left>260</left>
					<top>-80</top>
					<width>25</width>
					<height>25</height>
					<texture>holiday/winter/snow.png</texture>
					<aspectratio scalediffuse="false">keep</aspectratio>
					<animation effect="slide" start="0,0" end="0,1220" time="15000" delay="2200" reversible="false" loop="true" condition="true">Conditional</animation>
					<animation effect="slide" start="50,0" end="-40,0" time="4000" delay="200" reversible="false" pulse="true" condition="true">Conditional</animation>
				</control>
				<control type="image">
					<left>390</left>
					<top>-210</top>
					<width>17</width>
					<height>17</height>
					<texture>holiday/winter/snow.png</texture>
					<aspectratio scalediffuse="false">keep</aspectratio>
					<animation effect="slide" start="0,0" end="0,1620" time="13000" delay="600" reversible="false" loop="true" condition="true">Conditional</animation>
					<animation effect="slide" start="30,0" end="-60,0" time="5300" delay="300" reversible="false" pulse="true" condition="true">Conditional</animation>
					<colordiffuse>C2FFFFFF</colordiffuse>
				</control>
			</control>
			<control type="group">
				<left>1600</left>
				<animation effect="rotate" end="20" time="10000" delay="300" pulse="true" condition="true">Conditional</animation>
				<control type="image">
					<left>40</left>
					<top>-180</top>
					<width>19</width>
					<height>19</height>
					<texture>holiday/winter/snow.png</texture>
					<aspectratio scalediffuse="false">keep</aspectratio>
					<animation effect="slide" start="0,0" end="0,1120" time="11000" delay="1600" reversible="false" loop="true" condition="true">Conditional</animation>
					<animation effect="slide" start="50,0" end="-50,0" time="5300" delay="300" reversible="false" pulse="true" condition="true">Conditional</animation>
					<colordiffuse>C2FFFFFF</colordiffuse>
				</control>
				<control type="image">
					<left>100</left>
					<top>-100</top>
					<width>28</width>
					<height>28</height>
					<texture>holiday/winter/snow.png</texture>
					<aspectratio scalediffuse="false">keep</aspectratio>
					<animation effect="slide" start="0,0" end="0,1320" time="8000" delay="0" reversible="false" loop="true" condition="true">Conditional</animation>
					<animation effect="slide" start="50,0" end="-30,0" time="3200" delay="300" reversible="false" pulse="true" condition="true">Conditional</animation>
				</control>
				<control type="image">
					<left>200</left>
					<top>-40</top>
					<width>20</width>
					<height>20</height>
					<texture>holiday/winter/snow.png</texture>
					<aspectratio scalediffuse="false">keep</aspectratio>
					<animation effect="slide" start="0,0" end="0,1420" time="12000" delay="1300" reversible="false" loop="true" condition="true">Conditional</animation>
					<animation effect="slide" start="60,0" end="-20,0" time="4300" delay="220" reversible="false" pulse="true" condition="true">Conditional</animation>
				</control>
				<control type="image">
					<left>260</left>
					<top>-80</top>
					<width>25</width>
					<height>25</height>
					<texture>holiday/winter/snow.png</texture>
					<aspectratio scalediffuse="false">keep</aspectratio>
					<animation effect="slide" start="0,0" end="0,1220" time="13000" delay="2200" reversible="false" loop="true" condition="true">Conditional</animation>
					<animation effect="slide" start="50,0" end="-40,0" time="4000" delay="200" reversible="false" pulse="true" condition="true">Conditional</animation>
				</control>
				<control type="image">
					<left>390</left>
					<top>-210</top>
					<width>17</width>
					<height>17</height>
					<texture>holiday/winter/snow.png</texture>
					<aspectratio scalediffuse="false">keep</aspectratio>
					<animation effect="slide" start="0,0" end="0,1520" time="13000" delay="600" reversible="false" loop="true" condition="true">Conditional</animation>
					<animation effect="slide" start="30,0" end="-70,0" time="5300" delay="300" reversible="false" pulse="true" condition="true">Conditional</animation>
					<colordiffuse>C2FFFFFF</colordiffuse>
				</control>
			</control>
		</control>
		<!-- Halloween -->
		<control type="group">
			<visible>$EXP[HolidayTheme2]</visible>
			<control type="group">
				<posx>-120</posx>
				<animation effect="rotate" end="15" time="9000" delay="400" pulse="true" condition="true">Conditional</animation>
				<control type="image">
					<posx>-120</posx>
					<posy>200</posy>
					<width>120</width>
					<height>87</height>
					<texture>holiday/halloween/witch.png</texture>
					<aspectratio scalediffuse="false">keep</aspectratio>
					<animation effect="slide" start="0,0" end="2220,0" time="9000" delay="400" reversible="false" loop="true" condition="true">Conditional</animation>
					<animation effect="slide" start="0,10" end="0,100" time="9000" delay="400" reversible="false" pulse="true" condition="true">Conditional</animation>
				</control>
			</control>
			<control type="group">
				<posx>1000</posx>
				<animation effect="rotate" end="1" time="18000" delay="300" pulse="true" condition="true">Conditional</animation>
				<control type="image">
					<posx>1000</posx>
					<posy>1020</posy>
					<width>86</width>
					<height>150</height>
					<texture>holiday/halloween/skeleton.png</texture>
					<aspectratio scalediffuse="false">keep</aspectratio>
					<animation effect="slide" start="0,0" end="-2120,0" time="18000" delay="0" reversible="false" loop="true" condition="true">Conditional</animation>
				</control>
			</control>
			<control type="group">
				<posx>-100</posx>
				<animation effect="rotate" end="20" time="9000" delay="300" pulse="true" condition="true">Conditional</animation>
				<control type="image">
					<posx>100</posx>
					<posy>-100</posy>
					<width>60</width>
					<height>60</height>
					<texture>holiday/halloween/halloween.png</texture>
					<aspectratio scalediffuse="false">keep</aspectratio>
					<animation effect="slide" start="0,0" end="0,1180" time="15000" delay="0" reversible="false" loop="true" condition="true">Conditional</animation>
					<animation effect="slide" start="40,0" end="-20,0" time="3200" delay="300" reversible="false" pulse="true" condition="true">Conditional</animation>
				</control>
				<control type="image">
					<posx>260</posx>
					<posy>-80</posy>
					<width>45</width>
					<height>45</height>
					<texture>holiday/halloween/halloween1.png</texture>
					<aspectratio scalediffuse="false">keep</aspectratio>
					<animation effect="slide" start="0,0" end="0,1180" time="9000" delay="300" reversible="false" loop="true" condition="true">Conditional</animation>
					<animation effect="slide" start="40,0" end="-30,0" time="4000" delay="200" reversible="false" pulse="true" condition="true">Conditional</animation>
				</control>
				<control type="image">
					<posx>390</posx>
					<posy>-110</posy>
					<width>30</width>
					<height>30</height>
					<texture>holiday/halloween/halloween2.png</texture>
					<aspectratio scalediffuse="false">keep</aspectratio>
					<animation effect="slide" start="0,0" end="0,1180" time="10000" delay="500" reversible="false" loop="true" condition="true">Conditional</animation>
					<animation effect="slide" start="20,0" end="-60,0" time="5300" delay="300" reversible="false" pulse="true" condition="true">Conditional</animation>
				</control>
			</control>
			<control type="group">
				<posx>600</posx>
				<animation effect="rotate" start="10" end="60" time="9000" delay="300" pulse="true" condition="true">Conditional</animation>
				<control type="image">
					<posx>100</posx>
					<posy>-100</posy>
					<width>60</width>
					<height>60</height>
					<texture>holiday/halloween/halloween3.png</texture>
					<aspectratio scalediffuse="false">keep</aspectratio>
					<animation effect="slide" start="0,0" end="0,1180" time="15000" delay="1000" reversible="false" loop="true" condition="true">Conditional</animation>
					<animation effect="slide" start="40,0" end="-20,0" time="3200" delay="300" reversible="false" pulse="true" condition="true">Conditional</animation>
				</control>
				<control type="image">
					<posx>260</posx>
					<posy>-80</posy>
					<width>45</width>
					<height>45</height>
					<texture>holiday/halloween/halloween4.png</texture>
					<aspectratio scalediffuse="false">keep</aspectratio>
					<animation effect="slide" start="0,0" end="0,1180" time="9000" delay="1300" reversible="false" loop="true" condition="true">Conditional</animation>
					<animation effect="slide" start="40,0" end="-30,0" time="4000" delay="200" reversible="false" pulse="true" condition="true">Conditional</animation>
				</control>
				<control type="image">
					<posx>390</posx>
					<posy>-110</posy>
					<width>30</width>
					<height>30</height>
					<texture>holiday/halloween/halloween.png</texture>
					<aspectratio scalediffuse="false">keep</aspectratio>
					<animation effect="slide" start="0,0" end="0,1180" time="10000" delay="1500" reversible="false" loop="true" condition="true">Conditional</animation>
					<animation effect="slide" start="20,0" end="-60,0" time="5300" delay="300" reversible="false" pulse="true" condition="true">Conditional</animation>
				</control>
			</control>
			<control type="group">
				<posx>1000</posx>
				<animation effect="rotate" end="20" time="9000" delay="300" pulse="true" condition="true">Conditional</animation>
				<control type="image">
					<posx>100</posx>
					<posy>-100</posy>
					<width>60</width>
					<height>60</height>
					<texture>holiday/halloween/halloween1.png</texture>
					<aspectratio scalediffuse="false">keep</aspectratio>
					<animation effect="slide" start="0,0" end="0,1180" time="15000" delay="2000" reversible="false" loop="true" condition="true">Conditional</animation>
					<animation effect="slide" start="40,0" end="-20,0" time="3200" delay="300" reversible="false" pulse="true" condition="true">Conditional</animation>
				</control>
				<control type="image">
					<posx>260</posx>
					<posy>-80</posy>
					<width>45</width>
					<height>45</height>
					<texture>holiday/halloween/halloween2.png</texture>
					<aspectratio scalediffuse="false">keep</aspectratio>
					<animation effect="slide" start="0,0" end="0,1180" time="9000" delay="2300" reversible="false" loop="true" condition="true">Conditional</animation>
					<animation effect="slide" start="40,0" end="-30,0" time="4000" delay="200" reversible="false" pulse="true" condition="true">Conditional</animation>
				</control>
				<control type="image">
					<posx>390</posx>
					<posy>-110</posy>
					<width>30</width>
					<height>30</height>
					<texture>holiday/halloween/halloween3.png</texture>
					<aspectratio scalediffuse="false">keep</aspectratio>
					<animation effect="slide" start="0,0" end="0,1180" time="10000" delay="2500" reversible="false" loop="true" condition="true">Conditional</animation>
					<animation effect="slide" start="20,0" end="-60,0" time="5300" delay="300" reversible="false" pulse="true" condition="true">Conditional</animation>
				</control>
			</control>
			<control type="group">
				<posx>1400</posx>
				<animation effect="rotate" end="40" time="12000" delay="300" pulse="true" condition="true">Conditional</animation>
				<control type="image">
					<posx>100</posx>
					<posy>-100</posy>
					<width>60</width>
					<height>60</height>
					<texture>holiday/halloween/halloween4.png</texture>
					<aspectratio scalediffuse="false">keep</aspectratio>
					<animation effect="slide" start="0,0" end="0,1180" time="15000" delay="3000" reversible="false" loop="true" condition="true">Conditional</animation>
					<animation effect="slide" start="40,0" end="-20,0" time="3200" delay="300" reversible="false" pulse="true" condition="true">Conditional</animation>
				</control>
				<control type="image">
					<posx>260</posx>
					<posy>-80</posy>
					<width>45</width>
					<height>45</height>
					<texture>holiday/halloween/halloween.png</texture>
					<aspectratio scalediffuse="false">keep</aspectratio>
					<animation effect="slide" start="0,0" end="0,1180" time="9000" delay="3300" reversible="false" loop="true" condition="true">Conditional</animation>
					<animation effect="slide" start="40,0" end="-30,0" time="4000" delay="200" reversible="false" pulse="true" condition="true">Conditional</animation>
				</control>
				<control type="image">
					<posx>390</posx>
					<posy>-110</posy>
					<width>30</width>
					<height>30</height>
					<texture>holiday/halloween/halloween1.png</texture>
					<aspectratio scalediffuse="false">keep</aspectratio>
					<animation effect="slide" start="0,0" end="0,1180" time="10000" delay="3500" reversible="false" loop="true" condition="true">Conditional</animation>
					<animation effect="slide" start="20,0" end="-60,0" time="5300" delay="300" reversible="false" pulse="true" condition="true">Conditional</animation>
				</control>
			</control>
		</control>
	</controls>
</window>