<?xml version="1.0" encoding="UTF-8"?>
<window type="dialog" id="1145">
	<defaultcontrol>9000</defaultcontrol>
	<include>PropertyIncludes</include>
	<controls>
		<include content="DiffuseMask">
			<param name="visible">true</param>
		</include>
		<control type="group">
			<include>Dialog_PopupOpenClose</include>
			<centerleft>50%</centerleft>
			<width>284</width>
			<centertop>50%</centertop>
			<height>970</height>
			<control type="grouplist" id="9000">
				<orientation>vertical</orientation>
				<height>auto</height>
				<align>center</align>
				<itemgap>0</itemgap>
				<onright>close</onright>
				<onleft>close</onleft>
				<usecontrolcoords>true</usecontrolcoords>
				<control type="image">
					<width>100%</width>
					<height>10</height>
					<texture colordiffuse="panel">common/menu_top.png</texture>
				</control>
				<control type="button" id="1">
					<include content="CommonButton"/>
					<label>$LOCALIZE[31175]</label>
					<onclick>Dialog.Close(all,true)</onclick>
					<onclick>ActivateWindow(videoplaylist)</onclick>
				</control>
				<control type="button" id="2">
					<include content="CommonButton"/>
					<label>$LOCALIZE[31176]</label>
					<onclick>Dialog.Close(all,true)</onclick>
					<onclick>ActivateWindow(musicplaylist)</onclick>
				</control>
				<control type="image">
					<width>100%</width>
					<height>10</height>
					<texture colordiffuse="panel">common/menu_bottom.png</texture>
				</control>
			</control>
		</control>
	</controls>
</window>
