<?xml version="1.0" encoding="UTF-8"?>
<window>
	<zorder>4</zorder>
	<include>PropertyIncludes</include>
	<controls>
		<!-- Progress -->
		<control id="404" type="progress">
			<include>HiddenObject</include>
			<info>player.volume</info>
		</control>
		<!-- Dialog -->
		<control type="group">
			<visible>!VideoPlayer.IsFullscreen + !Window.IsVisible(visualisation)</visible>
			<top>70</top>
			<animation type="WindowOpen" reversible="false">
				<effect type="slide" start="0,-200" end="0,0" delay="100" tween="circle" easin="out" time="400" />
				<effect type="fade" delay="160" end="100" time="400" />
			</animation>
			<animation type="WindowClose" reversible="false">
				<effect type="slide" start="0,0" end="0,-200" easing="in" tween="circle" easin="out" time="400" />
				<effect type="fade" start="100" end="0" time="400" />
			</animation>
			<animation type="Conditional" reversible="false" condition="!Player.Muted">
				<effect type="slide" start="0,-200" end="0,0" delay="100" tween="circle" easin="out" time="400" />
				<effect type="fade" delay="160" end="100" time="400" />
			</animation>
			<animation type="Conditional" reversible="false" condition="Player.Muted">
				<effect type="slide" start="0,0" end="0,-200" easing="in" tween="circle" easin="out" time="400" />
				<effect type="fade" start="100" end="0" time="400"/>
			</animation>
			<width>280</width>
			<height>182</height>
			<right>70</right>
			<!-- Background image -->
			<control type="image">
				<texture colordiffuse="panel" border="10">common/dialog_back.png</texture>
			</control>
			<!-- icon -->
			<control type="group">
				<top>30</top>
				<centerleft>50%</centerleft>
				<width>80</width>
				<height>80</height>
				<!-- Icon back -->
				<control type="image">
					<texture>dialogs/progress/bg.png</texture>
				</control>
				<control type="image">
					<texture>dialogs/progress/100.png</texture>
					<colordiffuse>grey</colordiffuse>
				</control>
				<control type="image">
					<texture>dialogs/progress/$VAR[VolumeIconCircle].png</texture>
					<colordiffuse>emby</colordiffuse>
				</control>
				<!-- Icon -->
				<control type="textbox">
					<align>center</align>
					<aligny>center</aligny>
					<font>Material24</font>
					<label>$VAR[VolumeIcon]</label>
				</control>
			</control>
			<!-- Details -->
			<control type="label">
				<top>120</top>
				<left>20</left>
				<right>20</right>
				<bottom>20</bottom>
				<font>Reg22</font>
				<scroll>true</scroll>
				<align>center</align>
				<label>$LOCALIZE[13376] $VAR[VolumeDetails]</label>
				<visible>!player.passthrough</visible>
			</control>
			<control type="label">
				<top>120</top>
				<left>20</left>
				<right>20</right>
				<bottom>20</bottom>
				<font>Reg22</font>
				<scroll>true</scroll>
				<align>center</align>
				<label>$LOCALIZE[14252]</label>
				<visible>player.passthrough</visible>
			</control>
		</control>
	</controls>
</window>