<?xml version="1.0" encoding="UTF-8"?>
<includes>
	<!-- ##### MOD.SPIN #####-->
	<include name="Lyrics1">
		<param name="col11" default="black"/>
		<param name="col12" default="black"/>
		<param name="col13" default="black"/>
		<definition>
			<control type="label">
				<visible>String.IsEqual(Container(110).Currentitem,1) | String.EndsWith(Container(110).Currentitem,16) | String.EndsWith(Container(110).Currentitem,31) | String.EndsWith(Container(110).Currentitem,46) | String.EndsWith(Container(110).Currentitem,61) | String.EndsWith(Container(110).Currentitem,76) | String.EndsWith(Container(110).Currentitem,91) | String.EndsWith(Container(110).Currentitem,06)</visible>
				<animation type="Visible" reversible="false">
					<effect type="slide" start="-200,0" end="0,0" tween="back" easing="out" time="300"/>
					<effect type="zoom" start="25" end="100" tween="back" easing="out" time="500"/>
				</animation>
				<width>auto</width>
				<height>100</height>
				<label> $INFO[Container(110).ListItem.Property(part1)]</label>
				<font>lyr1</font>
				<shadowcolor>black</shadowcolor>
				<align>center</align>
				<aligny>center</aligny>
				<textcolor>$PARAM[col11]</textcolor>
			</control>
			<control type="label">
				<animation type="Visible" reversible="false">
					<effect type="slide" start="-200,0" end="0,0" tween="back" easing="out" time="600"/>
					<effect type="zoom" start="25" end="100" tween="back" easing="out" time="800"/>
				</animation>
				<visible>String.IsEqual(Container(110).Currentitem,1) | String.EndsWith(Container(110).Currentitem,16) | String.EndsWith(Container(110).Currentitem,31) | String.EndsWith(Container(110).Currentitem,46) | String.EndsWith(Container(110).Currentitem,61) | String.EndsWith(Container(110).Currentitem,76) | String.EndsWith(Container(110).Currentitem,91) | String.EndsWith(Container(110).Currentitem,06)</visible>
				<width>auto</width>
				<height>100</height>
				<label> $INFO[Container(110).ListItem.Property(part2)]</label>
				<font>lyr1</font>
				<shadowcolor>black</shadowcolor>
				<align>center</align>
				<aligny>center</aligny>
				<textcolor>$PARAM[col12]</textcolor>
			</control>
			<control type="label">
				<visible>String.IsEqual(Container(110).Currentitem,1) | String.EndsWith(Container(110).Currentitem,16) | String.EndsWith(Container(110).Currentitem,31) | String.EndsWith(Container(110).Currentitem,46) | String.EndsWith(Container(110).Currentitem,61) | String.EndsWith(Container(110).Currentitem,76) | String.EndsWith(Container(110).Currentitem,91) | String.EndsWith(Container(110).Currentitem,06)</visible>
				<animation type="Visible" reversible="false">
					<effect type="slide" start="-200,0" end="0,0" tween="back" easing="out" time="900"/>
					<effect type="zoom" start="25" end="100" tween="back" easing="out" time="1100"/>
				</animation>
				<width>auto</width>
				<height>100</height>
				<label> $INFO[Container(110).ListItem.Property(part3)]</label>
				<font>lyr1</font>
				<shadowcolor>black</shadowcolor>
				<align>center</align>
				<aligny>center</aligny>
				<textcolor>$PARAM[col13]</textcolor>
			</control>
		</definition>
	</include>
	<include name="Lyrics1b">
		<param name="col14" default="black"/>
		<param name="1b_left" default="510"/>
		<param name="1b_top" default="224"/>
		<definition>
			<control type="group">
				<left>$PARAM[1b_left]</left>
				<top>$PARAM[1b_top]</top>
				<visible>String.IsEqual(Container(110).Currentitem,1) | String.EndsWith(Container(110).Currentitem,16) | String.EndsWith(Container(110).Currentitem,31) | String.EndsWith(Container(110).Currentitem,46) | String.EndsWith(Container(110).Currentitem,61) | String.EndsWith(Container(110).Currentitem,76) | String.EndsWith(Container(110).Currentitem,91) | String.EndsWith(Container(110).Currentitem,06)</visible>
				<animation type="Visible" reversible="false">
					<effect type="slide" delay="300" start="-200,0" end="0,0" tween="back" easing="out" time="900"/>
					<effect type="zoom" center="450,370" delay="300" start="25" end="100" tween="sine" easing="out" time="900"/>
				</animation>
				<control type="textbox">
					<left>0</left>
					<top>80</top>
					<width>900</width>
					<height>600</height>
					<label>$INFO[Container(110).ListItem.Property(part4)]</label>
					<font>lyr1b</font>
					<shadowcolor>black</shadowcolor>
					<align>center</align>
					<aligny>top</aligny>
					<textcolor>$PARAM[col14]</textcolor>
				</control>
			</control>
		</definition>
	</include>
	<include name="Lyrics2">
		<param name="col21" default="black"/>
		<param name="col22" default="black"/>
		<param name="col23" default="black"/>
		<param name="col24" default="black"/>
		<param name="2_left" default="0"/>
		<param name="2_top" default="250"/>
		<definition>
			<control type="group">
				<top>$PARAM[2_top]</top>
				<left>$PARAM[2_left]</left>
				<control type="grouplist">
					<left>0</left>
					<top>-95</top>
					<width>1920</width>
					<height>125</height>
					<itemgap>25</itemgap>
					<scrolltime>0</scrolltime>
					<orientation>horizontal</orientation>
					<visible>true</visible>
					<align>center</align>
					<control type="label">
						<visible>String.IsEqual(Container(110).Currentitem,2) | String.EndsWith(Container(110).Currentitem,17) | String.EndsWith(Container(110).Currentitem,32) | String.EndsWith(Container(110).Currentitem,47) | String.EndsWith(Container(110).Currentitem,62) | String.EndsWith(Container(110).Currentitem,77) | String.EndsWith(Container(110).Currentitem,92) | String.EndsWith(Container(110).Currentitem,07)</visible>
						<animation type="Visible" reversible="false">
							<effect type="zoom" center="auto" start="0" end="100" tween="sine" easing="out" time="700"/>
						</animation>
						<width>auto</width>
						<height>125</height>
						<label> $INFO[Container(110).ListItem.Property(part1)]</label>
						<font>lyr2</font>
						<shadowcolor>black</shadowcolor>
						<align>center</align>
						<aligny>center</aligny>
						<textcolor>$PARAM[col21]</textcolor>
					</control>
					<control type="label">
						<visible>String.IsEqual(Container(110).Currentitem,2) | String.EndsWith(Container(110).Currentitem,17) | String.EndsWith(Container(110).Currentitem,32) | String.EndsWith(Container(110).Currentitem,47) | String.EndsWith(Container(110).Currentitem,62) | String.EndsWith(Container(110).Currentitem,77) | String.EndsWith(Container(110).Currentitem,92) | String.EndsWith(Container(110).Currentitem,07)</visible>
						<animation type="Visible" reversible="false">
							<effect type="zoom" center="auto" start="400" end="100" tween="sine" easing="out" time="700"/>
						</animation>
						<width>auto</width>
						<height>125</height>
						<label> $INFO[Container(110).ListItem.Property(part2)]</label>
						<font>lyr2</font>
						<align>center</align>
						<aligny>center</aligny>
						<textcolor>$PARAM[col22]</textcolor>
					</control>
				</control>
				<control type="grouplist">
					<left>0</left>
					<top>20</top>
					<width>1920</width>
					<height>600</height>
					<itemgap>30</itemgap>
					<scrolltime>0</scrolltime>
					<orientation>horizontal</orientation>
					<visible>true</visible>
					<align>center</align>
					<control type="label">
						<visible>String.IsEqual(Container(110).Currentitem,2) | String.EndsWith(Container(110).Currentitem,17) | String.EndsWith(Container(110).Currentitem,32) | String.EndsWith(Container(110).Currentitem,47) | String.EndsWith(Container(110).Currentitem,62) | String.EndsWith(Container(110).Currentitem,77) | String.EndsWith(Container(110).Currentitem,92) | String.EndsWith(Container(110).Currentitem,07)</visible>
						<animation type="Visible" reversible="false">
							<effect type="zoom" center="auto" start="400" end="100" tween="sine" easing="out" time="700"/>
						</animation>
						<width>auto</width>
						<height>125</height>
						<label> $INFO[Container(110).ListItem.Property(part3)]</label>
						<font>lyr2</font>
						<shadowcolor>black</shadowcolor>
						<align>right</align>
						<aligny>top</aligny>
						<textcolor>$PARAM[col23]</textcolor>
					</control>
					<control type="label">
						<width max="700">auto</width>
						<height>600</height>
						<wrapmultiline>true</wrapmultiline>
						<visible>String.IsEqual(Container(110).Currentitem,2) | String.EndsWith(Container(110).Currentitem,17) | String.EndsWith(Container(110).Currentitem,32) | String.EndsWith(Container(110).Currentitem,47) | String.EndsWith(Container(110).Currentitem,62) | String.EndsWith(Container(110).Currentitem,77) | String.EndsWith(Container(110).Currentitem,92) | String.EndsWith(Container(110).Currentitem,07)</visible>
						<animation effect="slide" end="0,10" condition="true">Conditional</animation>
						<animation type="Visible" reversible="false">
							<effect type="zoom" center="480,200" start="0" end="100" tween="sine" easing="out" time="700"/>
						</animation>
						<label>$INFO[Container(110).ListItem.Property(part4)]</label>
						<font>lyr2b</font>
						<shadowcolor>black</shadowcolor>
						<align>left</align>
						<aligny>top</aligny>
						<textcolor>$PARAM[col24]</textcolor>
					</control>
				</control>
			</control>
		</definition>
	</include>
	<include name="Lyrics3">
		<param name="col31" default="black"/>
		<param name="col32" default="black"/>
		<param name="col33" default="black"/>
		<definition>
			<control type="label">
				<visible>String.IsEqual(Container(110).Currentitem,3) | String.EndsWith(Container(110).Currentitem,18) | String.EndsWith(Container(110).Currentitem,33) | String.EndsWith(Container(110).Currentitem,48) | String.EndsWith(Container(110).Currentitem,63) | String.EndsWith(Container(110).Currentitem,78) | String.EndsWith(Container(110).Currentitem,93) | String.EndsWith(Container(110).Currentitem,08)</visible>
				<animation type="Visible" reversible="false">
					<effect type="slide" start="100,-300" end="50,0" time="250" tween="back" easing="out"/>
					<effect type="rotate" delay="900" center="auto" start="15" end="-10" time="200" tween="sine" easing="out"/>
					<effect type="rotate" delay="1100" center="auto" end="10" time="200" tween="back" easing="out"/>
					<effect type="slide" delay="900" end="-50,0" time="300" tween="back" easing="out"/>
				</animation>
				<width>auto</width>
				<height>115</height>
				<label> $INFO[Container(110).ListItem.Property(part1)]</label>
				<font>lyr3</font>
				<shadowcolor>black</shadowcolor>
				<align>center</align>
				<aligny>center</aligny>
				<textcolor>$PARAM[col31]</textcolor>
			</control>
			<control type="label">
				<visible>String.IsEqual(Container(110).Currentitem,3) | String.EndsWith(Container(110).Currentitem,18) | String.EndsWith(Container(110).Currentitem,33) | String.EndsWith(Container(110).Currentitem,48) | String.EndsWith(Container(110).Currentitem,63) | String.EndsWith(Container(110).Currentitem,78) | String.EndsWith(Container(110).Currentitem,93) | String.EndsWith(Container(110).Currentitem,08)</visible>
				<animation type="Visible" reversible="false">
					<effect type="slide" start="0,-300" end="0,0" time="500" tween="back" easing="out"/>
					<effect type="rotate" delay="900" center="auto" start="-8" end="11" time="200" tween="sine" easing="out"/>
					<effect type="rotate" delay="1100" center="auto" end="-11" time="250" tween="back" easing="out"/>
				</animation>
				<width>auto</width>
				<height>115</height>
				<label> $INFO[Container(110).ListItem.Property(part2)]</label>
				<font>lyr3</font>
				<shadowcolor>black</shadowcolor>
				<align>center</align>
				<aligny>center</aligny>
				<textcolor>$PARAM[col32]</textcolor>
			</control>
			<control type="label">
				<visible>String.IsEqual(Container(110).Currentitem,3) | String.EndsWith(Container(110).Currentitem,18) | String.EndsWith(Container(110).Currentitem,33) | String.EndsWith(Container(110).Currentitem,48) | String.EndsWith(Container(110).Currentitem,63) | String.EndsWith(Container(110).Currentitem,78) | String.EndsWith(Container(110).Currentitem,93) | String.EndsWith(Container(110).Currentitem,08)</visible>
				<animation type="Visible" reversible="false">
					<effect type="slide" start="-100,-300" end="-50,0" time="650" tween="back" easing="out"/>
					<effect type="rotate" delay="900" center="auto" start="22" end="-12" time="200" tween="sine" easing="out"/>
					<effect type="rotate" delay="1100" center="auto" end="12" time="300" tween="back" easing="out"/>
					<effect type="slide" delay="900" end="50,0" time="350" tween="back" easing="out"/>
				</animation>
				<width>auto</width>
				<height>115</height>
				<label> $INFO[Container(110).ListItem.Property(part3)]</label>
				<font>lyr3</font>
				<shadowcolor>black</shadowcolor>
				<align>center</align>
				<aligny>center</aligny>
				<textcolor>$PARAM[col33]</textcolor>
			</control>
		</definition>
	</include>
	<include name="Lyrics3b">
		<param name="col34" default="black"/>
		<param name="3b_left" default="510"/>
		<param name="3b_top" default="230"/>
		<definition>
			<control type="group">
				<left>$PARAM[3b_left]</left>
				<top>$PARAM[3b_top]</top>
				<visible>String.IsEqual(Container(110).Currentitem,3) | String.EndsWith(Container(110).Currentitem,18) | String.EndsWith(Container(110).Currentitem,33) | String.EndsWith(Container(110).Currentitem,48) | String.EndsWith(Container(110).Currentitem,63) | String.EndsWith(Container(110).Currentitem,78) | String.EndsWith(Container(110).Currentitem,93) | String.EndsWith(Container(110).Currentitem,08)</visible>
				<animation type="Visible" reversible="false">
					<effect type="slide" delay="700" start="0,250" end="0,0" time="350" tween="back"/>
					<effect type="rotate" delay="700" center="auto" start="4" end="0" time="600" tween="bounce" easing="out"/>
				</animation>
				<control type="textbox">
					<left>0</left>
					<top>74</top>
					<width>900</width>
					<height>600</height>
					<label>$INFO[Container(110).ListItem.Property(part4)]</label>
					<font>lyr3b</font>
					<shadowcolor>black</shadowcolor>
					<align>center</align>
					<aligny>top</aligny>
					<textcolor>$PARAM[col34]</textcolor>
				</control>
			</control>
		</definition>
	</include>
	<include name="Lyrics4">
		<param name="col41" default="black"/>
		<param name="col42" default="black"/>
		<param name="col43" default="black"/>
		<param name="col44" default="black"/>
		<param name="4_left" default="110"/>
		<param name="4_top" default="30"/>
		<definition>
			<control type="group">
				<top>$PARAM[4_top]</top>
				<left>$PARAM[4_left]</left>
				<animation effect="rotate" center="auto" start="5" end="5" condition="true">Conditional</animation>
				<control type="label">
					<visible>String.IsEqual(Container(110).Currentitem,4) | String.EndsWith(Container(110).Currentitem,19) | String.EndsWith(Container(110).Currentitem,34) | String.EndsWith(Container(110).Currentitem,49) | String.EndsWith(Container(110).Currentitem,64) | String.EndsWith(Container(110).Currentitem,79) | String.EndsWith(Container(110).Currentitem,94) | String.EndsWith(Container(110).Currentitem,09)</visible>
					<animation type="Visible" reversible="false">
						<effect type="slide" end="0,-115" time="250" tween="sine" easing="out"/>
						<effect type="slide" delay="300" end="0,-160" time="250" tween="sine" easing="out"/>
						<effect type="slide" delay="600" end="-280,0" time="250" tween="sine" easing="out"/>
						<effect type="slide" delay="1150" end="0,-160" time="250" tween="back" easing="out"/>
					</animation>
					<left>-30</left>
					<top>520</top>
					<width>1135</width>
					<height>125</height>
					<label> $INFO[Container(110).ListItem.Property(part1)]</label>
					<font>lyr4</font>
					<shadowcolor>black</shadowcolor>
					<align>right</align>
					<aligny>center</aligny>
					<textcolor>$PARAM[col41]</textcolor>
				</control>
				<control type="label">
					<left>-30</left>
					<visible>String.IsEqual(Container(110).Currentitem,4) | String.EndsWith(Container(110).Currentitem,19) | String.EndsWith(Container(110).Currentitem,34) | String.EndsWith(Container(110).Currentitem,49) | String.EndsWith(Container(110).Currentitem,64) | String.EndsWith(Container(110).Currentitem,79) | String.EndsWith(Container(110).Currentitem,94) | String.EndsWith(Container(110).Currentitem,09)</visible>
					<animation type="Visible" reversible="false">
						<effect type="slide" delay="300" end="0,-160" time="250" tween="sine" easing="out"/>
						<effect type="slide" delay="600" end="-280,0" time="250" tween="sine" easing="out"/>
						<effect type="slide" delay="1150" end="0,-160" time="300" tween="back" easing="out"/>
					</animation>
					<top>520</top>
					<width>1135</width>
					<height>125</height>
					<label> $INFO[Container(110).ListItem.Property(part2)]</label>
					<font>lyr4</font>
					<shadowcolor>black</shadowcolor>
					<align>right</align>
					<aligny>center</aligny>
					<textcolor>$PARAM[col42]</textcolor>
				</control>
				<control type="label">
					<visible>String.IsEqual(Container(110).Currentitem,4) | String.EndsWith(Container(110).Currentitem,19) | String.EndsWith(Container(110).Currentitem,34) | String.EndsWith(Container(110).Currentitem,49) | String.EndsWith(Container(110).Currentitem,64) | String.EndsWith(Container(110).Currentitem,79) | String.EndsWith(Container(110).Currentitem,94) | String.EndsWith(Container(110).Currentitem,09)</visible>
					<animation type="Visible" reversible="false">
						<effect type="slide" delay="600" end="0,-160" time="250" tween="sine" easing="out"/>
						<effect type="slide" delay="1150" end="0,-160" time="350" tween="back" easing="out"/>
					</animation>
					<left>795</left>
					<top>520</top>
					<width>1135</width>
					<height>125</height>
					<label> $INFO[Container(110).ListItem.Property(part3)]</label>
					<font>lyr4</font>
					<shadowcolor>black</shadowcolor>
					<align>left</align>
					<aligny>center</aligny>
					<textcolor>$PARAM[col43]</textcolor>
				</control>
				<control type="textbox">
					<left>860</left>
					<top>478</top>
					<width>700</width>
					<height>600</height>
					<visible>String.IsEqual(Container(110).Currentitem,4) | String.EndsWith(Container(110).Currentitem,19) | String.EndsWith(Container(110).Currentitem,34) | String.EndsWith(Container(110).Currentitem,49) | String.EndsWith(Container(110).Currentitem,64) | String.EndsWith(Container(110).Currentitem,79) | String.EndsWith(Container(110).Currentitem,94) | String.EndsWith(Container(110).Currentitem,09)</visible>
					<animation type="Visible" reversible="false">
						<effect type="slide" delay="1100" end="0,-160" time="350" tween="back" easing="out"/>
					</animation>
					<label>$INFO[Container(110).ListItem.Property(part4)]</label>
					<font>lyr4b</font>
					<shadowcolor>black</shadowcolor>
					<align>left</align>
					<aligny>top</aligny>
					<textcolor>$PARAM[col44]</textcolor>
				</control>
			</control>
		</definition>
	</include>
	<include name="Lyrics5">
		<param name="col51" default="black"/>
		<param name="col52" default="black"/>
		<param name="col53" default="black"/>
		<param name="col54" default="black"/>
		<definition>
			<control type="label">
				<visible>String.IsEqual(Container(110).Currentitem,5) | String.EndsWith(Container(110).Currentitem,20) | String.EndsWith(Container(110).Currentitem,35) | String.EndsWith(Container(110).Currentitem,50) | String.EndsWith(Container(110).Currentitem,65) | String.EndsWith(Container(110).Currentitem,80) | String.EndsWith(Container(110).Currentitem,95)</visible>
				<animation type="Visible" reversible="false">
					<effect type="slide" end="-1950,0" time="500" tween="sine" easing="out"/>
				</animation>
				<width>auto</width>
				<height>350</height>
				<label>$INFO[Container(110).ListItem.Property(part1)]</label>
				<font>lyr5</font>
				<shadowcolor>black</shadowcolor>
				<align>center</align>
				<aligny>top</aligny>
				<textcolor>$PARAM[col51]</textcolor>
			</control>
			<control type="label">
				<visible>String.IsEqual(Container(110).Currentitem,5) | String.EndsWith(Container(110).Currentitem,20) | String.EndsWith(Container(110).Currentitem,35) | String.EndsWith(Container(110).Currentitem,50) | String.EndsWith(Container(110).Currentitem,65) | String.EndsWith(Container(110).Currentitem,80) | String.EndsWith(Container(110).Currentitem,95)</visible>
				<animation type="Visible" reversible="false">
					<effect type="slide" end="-150,70"/>
					<effect type="slide" delay="100" end="-2000,0" time="500" tween="sine" easing="out"/>
					<effect type="slide" delay="650" end="200,0" time="200" tween="sine" easing="out"/>
				</animation>
				<width>auto</width>
				<height>350</height>
				<label>$INFO[Container(110).ListItem.Property(part2)]</label>
				<font>lyr5</font>
				<shadowcolor>black</shadowcolor>
				<align>center</align>
				<aligny>top</aligny>
				<textcolor>$PARAM[col52]</textcolor>
			</control>
			<control type="label">
				<visible>String.IsEqual(Container(110).Currentitem,5) | String.EndsWith(Container(110).Currentitem,20) | String.EndsWith(Container(110).Currentitem,35) | String.EndsWith(Container(110).Currentitem,50) | String.EndsWith(Container(110).Currentitem,65) | String.EndsWith(Container(110).Currentitem,80) | String.EndsWith(Container(110).Currentitem,95)</visible>
				<animation type="Visible" reversible="false">
					<effect type="slide" end="-200,140"/>
					<effect type="slide" delay="150" end="-1950,0" time="500" tween="sine" easing="out"/>
					<effect type="slide" delay="700" end="200,0" time="250" tween="sine" easing="out"/>
				</animation>
				<width>auto</width>
				<height>350</height>
				<label>$INFO[Container(110).ListItem.Property(part3)]</label>
				<font>lyr5</font>
				<shadowcolor>black</shadowcolor>
				<align>center</align>
				<aligny>top</aligny>
				<textcolor>$PARAM[col53]</textcolor>
			</control>
			<control type="label">
				<wrapmultiline>true</wrapmultiline>
				<visible>String.IsEqual(Container(110).Currentitem,5) | String.EndsWith(Container(110).Currentitem,20) | String.EndsWith(Container(110).Currentitem,35) | String.EndsWith(Container(110).Currentitem,50) | String.EndsWith(Container(110).Currentitem,65) | String.EndsWith(Container(110).Currentitem,80) | String.EndsWith(Container(110).Currentitem,95)</visible>
				<animation type="Visible" reversible="false">
					<effect type="slide" end="-250,196"/>
					<effect type="slide" delay="250" end="-2100,0" time="500" tween="sine" easing="out"/>
					<effect type="slide" delay="700" end="400,0" time="300" tween="sine" easing="out"/>
				</animation>
				<width min="100" max="700">auto</width>
				<height>350</height>
				<label>$INFO[Container(110).ListItem.Property(part4)]</label>
				<font>lyr5b</font>
				<shadowcolor>black</shadowcolor>
				<align>left</align>
				<aligny>top</aligny>
				<textcolor>$PARAM[col54]</textcolor>
			</control>
		</definition>
	</include>
	<include name="Lyrics6">
		<param name="col61" default="black"/>
		<param name="col62" default="black"/>
		<param name="col63" default="black"/>
		<definition>
			<control type="label">
				<visible>String.IsEqual(Container(110).Currentitem,6) | String.EndsWith(Container(110).Currentitem,21) | String.EndsWith(Container(110).Currentitem,36) | String.EndsWith(Container(110).Currentitem,51) | String.EndsWith(Container(110).Currentitem,66) | String.EndsWith(Container(110).Currentitem,81) | String.EndsWith(Container(110).Currentitem,96)</visible>
				<animation type="Visible" reversible="false">
					<effect type="slide" end="0,400" time="1000" tween="bounce" easing="out" />
					<effect type="rotate" start="440" center="auto" end="360" time="1000" tween="cubic" easing="out" />
				</animation>
				<width>auto</width>
				<height>100</height>
				<label> $INFO[Container(110).ListItem.Property(part1)]</label>
				<font>lyr6</font>
				<shadowcolor>black</shadowcolor>
				<align>center</align>
				<aligny>center</aligny>
				<textcolor>$PARAM[col61]</textcolor>
			</control>
			<control type="label">
				<animation type="Visible" reversible="false">
					<effect type="slide" delay="150" end="0,400" time="1000" tween="bounce" easing="out" />
					<effect type="rotate" delay="150" start="440" center="auto" end="360" time="1000" tween="cubic" easing="out" />
				</animation>
				<visible>String.IsEqual(Container(110).Currentitem,6) | String.EndsWith(Container(110).Currentitem,21) | String.EndsWith(Container(110).Currentitem,36) | String.EndsWith(Container(110).Currentitem,51) | String.EndsWith(Container(110).Currentitem,66) | String.EndsWith(Container(110).Currentitem,81) | String.EndsWith(Container(110).Currentitem,96)</visible>
				<width>auto</width>
				<height>100</height>
				<label> $INFO[Container(110).ListItem.Property(part2)]</label>
				<font>lyr6</font>
				<shadowcolor>black</shadowcolor>
				<align>center</align>
				<aligny>center</aligny>
				<textcolor>$PARAM[col62]</textcolor>
			</control>
			<control type="label">
				<visible>String.IsEqual(Container(110).Currentitem,6) | String.EndsWith(Container(110).Currentitem,21) | String.EndsWith(Container(110).Currentitem,36) | String.EndsWith(Container(110).Currentitem,51) | String.EndsWith(Container(110).Currentitem,66) | String.EndsWith(Container(110).Currentitem,81) | String.EndsWith(Container(110).Currentitem,96)</visible>
				<animation type="Visible" reversible="false">
					<effect type="slide" delay="300" end="0,400" time="1000" tween="bounce" easing="out" />
					<effect type="rotate" delay="300" start="440" center="auto" end="360" time="1000" tween="cubic" easing="out" />
				</animation>
				<width>auto</width>
				<height>100</height>
				<label> $INFO[Container(110).ListItem.Property(part3)]</label>
				<font>lyr6</font>
				<shadowcolor>black</shadowcolor>
				<align>center</align>
				<aligny>center</aligny>
				<textcolor>$PARAM[col63]</textcolor>
			</control>
		</definition>
	</include>
	<include name="Lyrics6b">
		<param name="col64" default="black"/>
		<param name="6b_left" default="510"/>
		<param name="6b_top" default="224"/>
		<definition>
			<control type="group">
				<left>$PARAM[6b_left]</left>
				<top>$PARAM[6b_top]</top>
				<visible>String.IsEqual(Container(110).Currentitem,6) | String.EndsWith(Container(110).Currentitem,21) | String.EndsWith(Container(110).Currentitem,36) | String.EndsWith(Container(110).Currentitem,51) | String.EndsWith(Container(110).Currentitem,66) | String.EndsWith(Container(110).Currentitem,81) | String.EndsWith(Container(110).Currentitem,96)</visible>
				<animation type="Visible" reversible="false">
					<effect type="slide" delay="225" start="0,200" end="0,0" time="350" tween="back"/>
				</animation>
				<control type="textbox">
					<left>0</left>
					<top>80</top>
					<width>900</width>
					<height>600</height>
					<label>$INFO[Container(110).ListItem.Property(part4)]</label>
					<font>lyr6b</font>
					<shadowcolor>black</shadowcolor>
					<align>center</align>
					<aligny>top</aligny>
					<textcolor>$PARAM[col64]</textcolor>
				</control>
			</control>
		</definition>
	</include>
	<include name="Lyrics7">
		<param name="col71" default="black"/>
		<param name="col72" default="black"/>
		<param name="col73" default="black"/>
		<param name="col74" default="black"/>
		<param name="7_left" default="10"/>
		<param name="7_top" default="0"/>
		<definition>
			<control type="group">
				<top>$PARAM[7_top]</top>
				<left>$PARAM[7_left]</left>
				<control type="label">
					<visible>String.IsEqual(Container(110).Currentitem,7) | String.EndsWith(Container(110).Currentitem,22) | String.EndsWith(Container(110).Currentitem,37) | String.EndsWith(Container(110).Currentitem,52) | String.EndsWith(Container(110).Currentitem,67) | String.EndsWith(Container(110).Currentitem,82) | String.EndsWith(Container(110).Currentitem,97)</visible>
					<animation type="Visible" reversible="false">
						<effect type="slide" end="0,-115" time="250" tween="sine" easing="out"/>
						<effect type="slide" delay="300" end="0,-160" time="250" tween="sine" easing="out"/>
						<effect type="slide" delay="600" end="0,-160" time="250" tween="sine" easing="out"/>
						<effect type="slide" delay="1150" end="-200,0" time="250" tween="back" easing="out"/>
					</animation>
					<left>50</left>
					<top>520</top>
					<width>1200</width>
					<height>125</height>
					<label> $INFO[Container(110).ListItem.Property(part1)]</label>
					<font>lyr7</font>
					<shadowcolor>black</shadowcolor>
					<align>right</align>
					<aligny>center</aligny>
					<textcolor>$PARAM[col71]</textcolor>
				</control>
				<control type="label">
					<left>50</left>
					<visible>String.IsEqual(Container(110).Currentitem,7) | String.EndsWith(Container(110).Currentitem,22) | String.EndsWith(Container(110).Currentitem,37) | String.EndsWith(Container(110).Currentitem,52) | String.EndsWith(Container(110).Currentitem,67) | String.EndsWith(Container(110).Currentitem,82) | String.EndsWith(Container(110).Currentitem,97)</visible>
					<animation type="Visible" reversible="false">
						<effect type="slide" delay="300" end="0,-160" time="250" tween="sine" easing="out"/>
						<effect type="slide" delay="600" end="0,-160" time="250" tween="sine" easing="out"/>
						<effect type="slide" delay="1150" end="-200,0" time="300" tween="back" easing="out"/>
					</animation>
					<top>520</top>
					<width>1200</width>
					<height>125</height>
					<label> $INFO[Container(110).ListItem.Property(part2)]</label>
					<font>lyr7a</font>
					<shadowcolor>black</shadowcolor>
					<align>right</align>
					<aligny>center</aligny>
					<textcolor>$PARAM[col72]</textcolor>
				</control>
				<control type="label">
					<visible>String.IsEqual(Container(110).Currentitem,7) | String.EndsWith(Container(110).Currentitem,22) | String.EndsWith(Container(110).Currentitem,37) | String.EndsWith(Container(110).Currentitem,52) | String.EndsWith(Container(110).Currentitem,67) | String.EndsWith(Container(110).Currentitem,82) | String.EndsWith(Container(110).Currentitem,97)</visible>
					<animation type="Visible" reversible="false">
						<effect type="zoom" delay="600" center="960,540" start="0" end="100" time="250" tween="sine" easing="out"/>
						<effect type="slide" delay="1150" end="-200,0" time="350" tween="back" easing="out"/>
					</animation>
					<left>50</left>
					<top>350</top>
					<width>1200</width>
					<height>125</height>
					<label> $INFO[Container(110).ListItem.Property(part3)]</label>
					<font>lyr7b</font>
					<shadowcolor>black</shadowcolor>
					<align>right</align>
					<aligny>center</aligny>
					<textcolor>$PARAM[col73]</textcolor>
				</control>
				<control type="textbox">
					<left>1080</left>
					<top>-15</top>
					<width>525</width>
					<height>600</height>
					<visible>String.IsEqual(Container(110).Currentitem,7) | String.EndsWith(Container(110).Currentitem,22) | String.EndsWith(Container(110).Currentitem,37) | String.EndsWith(Container(110).Currentitem,52) | String.EndsWith(Container(110).Currentitem,67) | String.EndsWith(Container(110).Currentitem,82) | String.EndsWith(Container(110).Currentitem,97)</visible>
					<animation type="Visible" reversible="false">
						<effect type="zoom" delay="1100" center="auto" start="0" end="100" time="350" tween="back" easing="out"/>
						<effect type="rotate" delay="1100" center="auto" start="4" end="0" time="600" tween="bounce" easing="out"/>
					</animation>
					<label>$INFO[Container(110).ListItem.Property(part4)]</label>
					<font>lyr7c</font>
					<shadowcolor>black</shadowcolor>
					<align>left</align>
					<aligny>center</aligny>
					<textcolor>$PARAM[col74]</textcolor>
				</control>
			</control>
		</definition>
	</include>
	<include name="Lyrics8">
		<param name="col81" default="black"/>
		<param name="col82" default="black"/>
		<param name="col83" default="black"/>
		<definition>
			<control type="label">
				<visible>String.IsEqual(Container(110).Currentitem,8) | String.EndsWith(Container(110).Currentitem,23) | String.EndsWith(Container(110).Currentitem,38) | String.EndsWith(Container(110).Currentitem,53) | String.EndsWith(Container(110).Currentitem,68) | String.EndsWith(Container(110).Currentitem,83) | String.EndsWith(Container(110).Currentitem,98)</visible>
				<animation type="Visible" reversible="false">
					<effect type="rotatey" center="0,0" start="90" end="0" time="450" tween="sine" easing="out"/>
				</animation>
				<width>auto</width>
				<height>120</height>
				<label>$INFO[Container(110).ListItem.Property(part1)]</label>
				<font>lyr8</font>
				<shadowcolor>black</shadowcolor>
				<align>center</align>
				<aligny>top</aligny>
				<textcolor>$PARAM[col81]</textcolor>
			</control>
			<control type="label">
				<visible>String.IsEqual(Container(110).Currentitem,8) | String.EndsWith(Container(110).Currentitem,23) | String.EndsWith(Container(110).Currentitem,38) | String.EndsWith(Container(110).Currentitem,53) | String.EndsWith(Container(110).Currentitem,68) | String.EndsWith(Container(110).Currentitem,83) | String.EndsWith(Container(110).Currentitem,98)</visible>
				<animation type="Visible" reversible="false">
					<effect type="rotatex" center="0,0" start="90" end="0" time="600" tween="sine" easing="out"/>
				</animation>
				<width>auto</width>
				<height>120</height>
				<label> $INFO[Container(110).ListItem.Property(part2)]</label>
				<font>lyr8</font>
				<shadowcolor>black</shadowcolor>
				<align>center</align>
				<aligny>top</aligny>
				<textcolor>$PARAM[col82]</textcolor>
			</control>
			<control type="label">
				<visible>String.IsEqual(Container(110).Currentitem,8) | String.EndsWith(Container(110).Currentitem,23) | String.EndsWith(Container(110).Currentitem,38) | String.EndsWith(Container(110).Currentitem,53) | String.EndsWith(Container(110).Currentitem,68) | String.EndsWith(Container(110).Currentitem,83) | String.EndsWith(Container(110).Currentitem,98)</visible>
				<animation type="Visible" reversible="false">
					<effect type="rotate" center="0,0" start="170" end="0" time="750" tween="sine" easing="out"/>
				</animation>
				<width>auto</width>
				<height>120</height>
				<label> $INFO[Container(110).ListItem.Property(part3)]</label>
				<font>lyr8</font>
				<shadowcolor>black</shadowcolor>
				<align>center</align>
				<aligny>top</aligny>
				<textcolor>$PARAM[col83]</textcolor>
			</control>
		</definition>
	</include>
	<include name="Lyrics8b">
		<param name="col84" default="black"/>
		<param name="8b_left" default="510"/>
		<param name="8b_top" default="270"/>
		<definition>
			<control type="group">
				<left>$PARAM[8b_left]</left>
				<top>$PARAM[8b_top]</top>
				<visible>String.IsEqual(Container(110).Currentitem,8) | String.EndsWith(Container(110).Currentitem,23) | String.EndsWith(Container(110).Currentitem,38) | String.EndsWith(Container(110).Currentitem,53) | String.EndsWith(Container(110).Currentitem,68) | String.EndsWith(Container(110).Currentitem,83) | String.EndsWith(Container(110).Currentitem,98)</visible>
				<animation type="Visible" reversible="false">
					<effect type="slide" delay="750" start="-800,0" end="0,0" time="400" tween="back" easing="out"/>
					<effect type="rotate" delay="750" center="auto" start="3" end="0" time="575" tween="bounce" easing="out"/>
				</animation>
				<control type="textbox">
					<left>0</left>
					<top>24</top>
					<width>900</width>
					<height>600</height>
					<label>$INFO[Container(110).ListItem.Property(part4)]</label>
					<font>lyr8b</font>
					<shadowcolor>black</shadowcolor>
					<align>center</align>
					<aligny>top</aligny>
					<textcolor>$PARAM[col84]</textcolor>
				</control>
			</control>
		</definition>
	</include>
	<include name="Lyrics9">
		<param name="col91" default="black"/>
		<param name="col92" default="black"/>
		<param name="col93" default="black"/>
		<param name="col94" default="black"/>
		<param name="9_left" default="20"/>
		<param name="9_top" default="-20"/>
		<definition>
			<control type="group">
				<top>$PARAM[9_top]</top>
				<left>$PARAM[9_left]</left>
				<control type="label">
					<visible>String.IsEqual(Container(110).Currentitem,9) | String.EndsWith(Container(110).Currentitem,24) | String.EndsWith(Container(110).Currentitem,39) | String.EndsWith(Container(110).Currentitem,54) | String.EndsWith(Container(110).Currentitem,69) | String.EndsWith(Container(110).Currentitem,84) | String.EndsWith(Container(110).Currentitem,99)</visible>
					<animation type="Visible" reversible="false">
						<effect type="slide" delay="400" start="0,-400" end="0,0" time="250" tween="back" easing="out"/>
						<effect type="rotate" center="720,270" delay="900" start="35" end="0" time="250" tween="back" easing="out"/>
					</animation>
					<left>0</left>
					<top>395</top>
					<width>940</width>
					<height>125</height>
					<label> $INFO[Container(110).ListItem.Property(part3)]</label>
					<font>lyr9</font>
					<shadowcolor>black</shadowcolor>
					<align>right</align>
					<aligny>center</aligny>
					<textcolor>$PARAM[col93]</textcolor>
				</control>
				<control type="label">
					<left>0</left>
					<visible>String.IsEqual(Container(110).Currentitem,9) | String.EndsWith(Container(110).Currentitem,24) | String.EndsWith(Container(110).Currentitem,39) | String.EndsWith(Container(110).Currentitem,54) | String.EndsWith(Container(110).Currentitem,69) | String.EndsWith(Container(110).Currentitem,84) | String.EndsWith(Container(110).Currentitem,99)</visible>
					<animation type="Visible" reversible="false">
						<effect type="slide" delay="150" start="0,-400" end="0,0" time="350" tween="back" easing="out"/>
						<effect type="rotate" center="720,270" delay="900" start="35" end="0" time="300" tween="back" easing="out"/>
					</animation>
					<top>270</top>
					<width>940</width>
					<height>125</height>
					<label> $INFO[Container(110).ListItem.Property(part2)]</label>
					<font>lyr9</font>
					<shadowcolor>black</shadowcolor>
					<align>right</align>
					<aligny>center</aligny>
					<textcolor>$PARAM[col92]</textcolor>
				</control>
				<control type="label">
					<visible>String.IsEqual(Container(110).Currentitem,9) | String.EndsWith(Container(110).Currentitem,24) | String.EndsWith(Container(110).Currentitem,39) | String.EndsWith(Container(110).Currentitem,54) | String.EndsWith(Container(110).Currentitem,69) | String.EndsWith(Container(110).Currentitem,84) | String.EndsWith(Container(110).Currentitem,99)</visible>
					<animation type="Visible" reversible="false">
						<effect type="slide" start="0,-400" end="0,0" time="250" tween="back" easing="out"/>
						<effect type="rotate" center="720,270" delay="900" start="35" end="0" time="350" tween="back" easing="out"/>
					</animation>
					<left>0</left>
					<top>145</top>
					<width>940</width>
					<height>125</height>
					<label> $INFO[Container(110).ListItem.Property(part1)]</label>
					<font>lyr9</font>
					<shadowcolor>black</shadowcolor>
					<align>right</align>
					<aligny>center</aligny>
					<textcolor>$PARAM[col91]</textcolor>
				</control>
				<control type="textbox">
					<left>960</left>
					<top>30</top>
					<width>600</width>
					<height>600</height>
					<visible>String.IsEqual(Container(110).Currentitem,9) | String.EndsWith(Container(110).Currentitem,24) | String.EndsWith(Container(110).Currentitem,39) | String.EndsWith(Container(110).Currentitem,54) | String.EndsWith(Container(110).Currentitem,69) | String.EndsWith(Container(110).Currentitem,84) | String.EndsWith(Container(110).Currentitem,99)</visible>
					<animation type="Visible" reversible="false">
						<effect type="slide" delay="700" start="600,0" end="0,0" time="350" tween="back"/>
						<effect type="rotate" delay="700" center="auto" start="4" end="0" time="600" tween="bounce" easing="out"/>
					</animation>
					<label>$INFO[Container(110).ListItem.Property(part4)]</label>
					<font>lyr9b</font>
					<shadowcolor>black</shadowcolor>
					<align>left</align>
					<aligny>center</aligny>
					<textcolor>$PARAM[col94]</textcolor>
				</control>
			</control>
		</definition>
	</include>
	<include name="Lyrics10">
		<param name="col101" default="black"/>
		<param name="col102" default="black"/>
		<param name="col103" default="black"/>
		<param name="col104" default="black"/>
		<param name="10_left" default="0"/>
		<param name="10_top" default="150"/>
		<definition>
			<control type="group">
				<top>$PARAM[10_top]</top>
				<left>$PARAM[10_left]</left>
				<control type="label">
					<visible>String.EndsWith(Container(110).Currentitem,10) | String.EndsWith(Container(110).Currentitem,25) | String.EndsWith(Container(110).Currentitem,40) | String.EndsWith(Container(110).Currentitem,55) | String.EndsWith(Container(110).Currentitem,70) | String.EndsWith(Container(110).Currentitem,85) | String.EndsWith(Container(110).Currentitem,00)</visible>
					<animation type="Visible" reversible="false">
						<effect type="zoom" center="auto" start="400" end="100" tween="back" easing="out" time="350"/>
						<effect type="slide" delay="800" start="0,0" end="0,-200" time="350" tween="back" easing="out"/>
					</animation>
					<left>0</left>
					<top>154</top>
					<width>1920</width>
					<height>115</height>
					<label> $INFO[Container(110).ListItem.Property(part1)]</label>
					<font>lyr10</font>
					<shadowcolor>black</shadowcolor>
					<align>center</align>
					<aligny>center</aligny>
					<textcolor>$PARAM[col101]</textcolor>
				</control>
				<control type="grouplist">
					<left>0</left>
					<top>260</top>
					<width>1920</width>
					<height>125</height>
					<itemgap>35</itemgap>
					<scrolltime>0</scrolltime>
					<orientation>horizontal</orientation>
					<visible>true</visible>
					<align>center</align>
					<control type="label">
						<visible>String.EndsWith(Container(110).Currentitem,10) | String.EndsWith(Container(110).Currentitem,25) | String.EndsWith(Container(110).Currentitem,40) | String.EndsWith(Container(110).Currentitem,55) | String.EndsWith(Container(110).Currentitem,70) | String.EndsWith(Container(110).Currentitem,85) | String.EndsWith(Container(110).Currentitem,00)</visible>
						<animation type="Visible" reversible="false">
							<effect type="zoom" center="auto" start="400" end="100" tween="back" easing="out" time="550"/>
							<effect type="slide" delay="800" start="0,0" end="0,-200" time="400" tween="back" easing="out"/>
						</animation>
						<width>auto</width>
						<height>125</height>
						<label> $INFO[Container(110).ListItem.Property(part2)]</label>
						<font>lyr10</font>
						<shadowcolor>black</shadowcolor>
						<align>center</align>
						<aligny>center</aligny>
						<textcolor>$PARAM[col102]</textcolor>
					</control>
					<control type="label">
						<visible>String.EndsWith(Container(110).Currentitem,10) | String.EndsWith(Container(110).Currentitem,25) | String.EndsWith(Container(110).Currentitem,40) | String.EndsWith(Container(110).Currentitem,55) | String.EndsWith(Container(110).Currentitem,70) | String.EndsWith(Container(110).Currentitem,85) | String.EndsWith(Container(110).Currentitem,00)</visible>
						<animation type="Visible" reversible="false">
							<effect type="zoom" center="auto" start="400" end="100" tween="back" easing="out" time="750"/>
							<effect type="slide" delay="800" start="0,0" end="0,-200" time="450" tween="back" easing="out"/>
						</animation>
						<width>auto</width>
						<height>125</height>
						<label>$INFO[Container(110).ListItem.Property(part3)]</label>
						<font>lyr10</font>
						<shadowcolor>black</shadowcolor>
						<align>center</align>
						<aligny>center</aligny>
						<textcolor>$PARAM[col103]</textcolor>
					</control>
				</control>
				<control type="textbox">
					<left>610</left>
					<top>178</top>
					<width>700</width>
					<height>600</height>
					<visible>String.EndsWith(Container(110).Currentitem,10) | String.EndsWith(Container(110).Currentitem,25) | String.EndsWith(Container(110).Currentitem,40) | String.EndsWith(Container(110).Currentitem,55) | String.EndsWith(Container(110).Currentitem,70) | String.EndsWith(Container(110).Currentitem,85) | String.EndsWith(Container(110).Currentitem,00)</visible>
					<animation type="Visible" reversible="false">
						<effect type="slide" delay="1150" start="400,0" end="0,0" time="200" tween="sine" easing="out"/>
						<effect type="rotate" delay="1150" center="auto" start="4" end="0" time="600" tween="bounce" easing="out"/>
					</animation>
					<label> $INFO[Container(110).ListItem.Property(part4)]</label>
					<font>lyr10b</font>
					<shadowcolor>black</shadowcolor>
					<align>center</align>
					<aligny>top</aligny>
					<textcolor>$PARAM[col104]</textcolor>
				</control>
			</control>
		</definition>
	</include>
	<include name="Lyrics11">
		<param name="col111" default="black"/>
		<param name="col112" default="black"/>
		<param name="col113" default="black"/>
		<param name="col114" default="black"/>
		<param name="11_left" default="0"/>
		<param name="11_top" default="250"/>
		<definition>
			<control type="group">
				<top>$PARAM[11_top]</top>
				<left>$PARAM[11_left]</left>
				<control type="grouplist">
					<animation type="Visible" reversible="false">
						<effect type="slide" start="0,-200" end="0,0" time="200"/>
					</animation>
					<visible>String.EndsWith(Container(110).Currentitem,11) | String.EndsWith(Container(110).Currentitem,26) | String.EndsWith(Container(110).Currentitem,41) | String.EndsWith(Container(110).Currentitem,56) | String.EndsWith(Container(110).Currentitem,71) | String.EndsWith(Container(110).Currentitem,86) | String.EndsWith(Container(110).Currentitem,01)</visible>
					<left>0</left>
					<top>-95</top>
					<width>1920</width>
					<height>125</height>
					<itemgap>25</itemgap>
					<scrolltime>0</scrolltime>
					<orientation>horizontal</orientation>
					<visible>true</visible>
					<align>center</align>
					<control type="label">
						<width>auto</width>
						<height>125</height>
						<label> $INFO[Container(110).ListItem.Property(part1)]</label>
						<font>lyr11b</font>
						<shadowcolor>black</shadowcolor>
						<align>center</align>
						<aligny>center</aligny>
						<textcolor>$PARAM[col112]</textcolor>
					</control>
					<control type="label">
						<width>auto</width>
						<height>125</height>
						<label> $INFO[Container(110).ListItem.Property(part2)]</label>
						<font>lyr11</font>
						<align>center</align>
						<aligny>center</aligny>
						<textcolor>00fFFFFF</textcolor>
					</control>
				</control>
				<control type="grouplist">
					<visible>String.EndsWith(Container(110).Currentitem,11) | String.EndsWith(Container(110).Currentitem,26) | String.EndsWith(Container(110).Currentitem,41) | String.EndsWith(Container(110).Currentitem,56) | String.EndsWith(Container(110).Currentitem,71) | String.EndsWith(Container(110).Currentitem,86) | String.EndsWith(Container(110).Currentitem,01)</visible>
					<animation type="Visible" reversible="false">
						<effect type="slide" delay="250" start="400,0" end="0,0" time="200"/>
					</animation>
					<left>0</left>
					<top>-95</top>
					<width>1920</width>
					<height>125</height>
					<itemgap>25</itemgap>
					<scrolltime>0</scrolltime>
					<orientation>horizontal</orientation>
					<visible>true</visible>
					<align>center</align>
					<control type="label">
						<width>auto</width>
						<height>125</height>
						<label> $INFO[Container(110).ListItem.Property(part1)]</label>
						<font>lyr11b</font>
						<align>center</align>
						<aligny>center</aligny>
						<textcolor>00fFFFFF</textcolor>
					</control>
					<control type="label">
						<width>auto</width>
						<height>125</height>
						<label> $INFO[Container(110).ListItem.Property(part2)]</label>
						<font>lyr11</font>
						<shadowcolor>black</shadowcolor>
						<align>center</align>
						<aligny>center</aligny>
						<textcolor>$PARAM[col113]</textcolor>
					</control>
				</control>
				<control type="grouplist">
					<visible>String.EndsWith(Container(110).Currentitem,11) | String.EndsWith(Container(110).Currentitem,26) | String.EndsWith(Container(110).Currentitem,41) | String.EndsWith(Container(110).Currentitem,56) | String.EndsWith(Container(110).Currentitem,71) | String.EndsWith(Container(110).Currentitem,86) | String.EndsWith(Container(110).Currentitem,01)</visible>
					<animation type="Visible" reversible="false">
						<effect type="slide" delay="500" start="-400,0" end="0,0" time="200"/>
					</animation>
					<left>0</left>
					<top>15</top>
					<width>1920</width>
					<height>600</height>
					<itemgap>40</itemgap>
					<scrolltime>0</scrolltime>
					<orientation>horizontal</orientation>
					<visible>true</visible>
					<align>center</align>
					<control type="label">
						<width>auto</width>
						<height>125</height>
						<label> $INFO[Container(110).ListItem.Property(part3)]</label>
						<font>lyr11</font>
						<shadowcolor>black</shadowcolor>
						<align>right</align>
						<aligny>top</aligny>
						<textcolor>$PARAM[col111]</textcolor>
					</control>
					<control type="label">
						<animation effect="slide" end="0,10" condition="true">Conditional</animation>
						<width max="700">auto</width>
						<height>600</height>
						<wrapmultiline>true</wrapmultiline>
						<label>$INFO[Container(110).ListItem.Property(part4)]</label>
						<font>lyr11b</font>
						<align>left</align>
						<aligny>top</aligny>
						<textcolor>00ffffff</textcolor>
					</control>
				</control>
				<control type="grouplist">
					<visible>String.EndsWith(Container(110).Currentitem,11) | String.EndsWith(Container(110).Currentitem,26) | String.EndsWith(Container(110).Currentitem,41) | String.EndsWith(Container(110).Currentitem,56) | String.EndsWith(Container(110).Currentitem,71) | String.EndsWith(Container(110).Currentitem,86) | String.EndsWith(Container(110).Currentitem,01)</visible>
					<animation type="Visible" reversible="false">
						<effect type="slide" delay="750" start="0,200" end="0,0" time="200"/>
					</animation>
					<left>0</left>
					<top>30</top>
					<width>1920</width>
					<height>600</height>
					<itemgap>40</itemgap>
					<scrolltime>0</scrolltime>
					<orientation>horizontal</orientation>
					<visible>true</visible>
					<align>center</align>
					<control type="label">
						<width>auto</width>
						<height>125</height>
						<label> $INFO[Container(110).ListItem.Property(part3)]</label>
						<font>lyr11</font>
						<align>right</align>
						<aligny>top</aligny>
						<textcolor>00ffffff</textcolor>
					</control>
					<control type="label">
						<animation effect="slide" end="0,10" condition="true">Conditional</animation>
						<width max="700">auto</width>
						<height>600</height>
						<wrapmultiline>true</wrapmultiline>
						<label>$INFO[Container(110).ListItem.Property(part4)]</label>
						<font>lyr11b</font>
						<shadowcolor>black</shadowcolor>
						<align>left</align>
						<aligny>top</aligny>
						<textcolor>$PARAM[col114]</textcolor>
					</control>
				</control>
			</control>
		</definition>
	</include>
	<include name="Lyrics12">
		<param name="col121" default="black"/>
		<param name="12_left" default="10"/>
		<param name="12_top" default="0"/>
		<definition>
			<control type="group">
				<top>$PARAM[12_top]</top>
				<left>$PARAM[12_left]</left>
				<control type="label">
					<visible>String.EndsWith(Container(110).Currentitem,12) | String.EndsWith(Container(110).Currentitem,27) | String.EndsWith(Container(110).Currentitem,42) | String.EndsWith(Container(110).Currentitem,57) | String.EndsWith(Container(110).Currentitem,72) | String.EndsWith(Container(110).Currentitem,87) | String.EndsWith(Container(110).Currentitem,02)</visible>
					<animation type="Visible" reversible="false">
						<effect type="zoom" center="auto" start="0" end="100" time="200"/>
					</animation>
					<left>40</left>
					<top>5</top>
					<width>1820</width>
					<height>400</height>
					<label>$INFO[Container(110).ListItem.Property(part1)]</label>
					<font>lyr12</font>
					<shadowcolor>black</shadowcolor>
					<scroll>true</scroll>
					<scrollspeed>100</scrollspeed>
					<scrollsuffix> </scrollsuffix>
					<align>center</align>
					<aligny>top</aligny>
					<textcolor>$PARAM[col121]</textcolor>
				</control>
			</control>
		</definition>
	</include>
	<include name="Lyrics12b">
		<param name="col122" default="black"/>
		<param name="col123" default="black"/>
		<param name="12b_left" default="10"/>
		<param name="12b_top" default="180"/>
		<definition>
			<control type="grouplist">
				<top>$PARAM[12b_top]</top>
				<left>$PARAM[12b_left]</left>
				<width>1900</width>
				<height>350</height>
				<itemgap>45</itemgap>
				<scrolltime>0</scrolltime>
				<orientation>horizontal</orientation>
				<visible>true</visible>
				<align>center</align>
				<control type="label">
					<visible>String.EndsWith(Container(110).Currentitem,12) | String.EndsWith(Container(110).Currentitem,27) | String.EndsWith(Container(110).Currentitem,42) | String.EndsWith(Container(110).Currentitem,57) | String.EndsWith(Container(110).Currentitem,72) | String.EndsWith(Container(110).Currentitem,87) | String.EndsWith(Container(110).Currentitem,02)</visible>
					<width>auto</width>
					<height>350</height>
					<label>$INFO[Container(110).ListItem.Property(part2)]</label>
					<font>lyr12b</font>
					<align>center</align>
					<aligny>top</aligny>
					<textcolor>00fFFFFF</textcolor>
				</control>
				<control type="label">
					<visible>String.EndsWith(Container(110).Currentitem,12) | String.EndsWith(Container(110).Currentitem,27) | String.EndsWith(Container(110).Currentitem,42) | String.EndsWith(Container(110).Currentitem,57) | String.EndsWith(Container(110).Currentitem,72) | String.EndsWith(Container(110).Currentitem,87) | String.EndsWith(Container(110).Currentitem,02)</visible>
					<animation type="Visible" reversible="false">
						<effect type="zoom" delay="500" center="auto" start="0" end="100" time="200"/>
					</animation>
					<width>auto</width>
					<height>350</height>
					<label>$INFO[Container(110).ListItem.Property(part3)]</label>
					<font>lyr12c</font>
					<shadowcolor>black</shadowcolor>
					<align>center</align>
					<aligny>center</aligny>
					<textcolor>$PARAM[col123]</textcolor>
				</control>
			</control>
			<control type="grouplist">
				<top>$PARAM[12b_top]</top>
				<left>$PARAM[12b_left]</left>
				<width>1900</width>
				<height>350</height>
				<itemgap>45</itemgap>
				<scrolltime>0</scrolltime>
				<orientation>horizontal</orientation>
				<visible>true</visible>
				<align>center</align>
				<control type="label">
					<visible>String.EndsWith(Container(110).Currentitem,12) | String.EndsWith(Container(110).Currentitem,27) | String.EndsWith(Container(110).Currentitem,42) | String.EndsWith(Container(110).Currentitem,57) | String.EndsWith(Container(110).Currentitem,72) | String.EndsWith(Container(110).Currentitem,87) | String.EndsWith(Container(110).Currentitem,02)</visible>
					<animation type="Visible" reversible="false">
						<effect type="zoom" delay="250" center="auto" start="0" end="100" time="200"/>
					</animation>
					<width>auto</width>
					<height>350</height>
					<label>$INFO[Container(110).ListItem.Property(part2)]</label>
					<font>lyr12b</font>
					<shadowcolor>black</shadowcolor>
					<align>center</align>
					<aligny>top</aligny>
					<textcolor>$PARAM[col122]</textcolor>
				</control>
				<control type="label">
					<visible>String.EndsWith(Container(110).Currentitem,12) | String.EndsWith(Container(110).Currentitem,27) | String.EndsWith(Container(110).Currentitem,42) | String.EndsWith(Container(110).Currentitem,57) | String.EndsWith(Container(110).Currentitem,72) | String.EndsWith(Container(110).Currentitem,87) | String.EndsWith(Container(110).Currentitem,02)</visible>
					<width>auto</width>
					<height>350</height>
					<label>$INFO[Container(110).ListItem.Property(part3)]</label>
					<font>lyr12c</font>
					<align>center</align>
					<aligny>center</aligny>
					<textcolor>00fFFFFF</textcolor>
				</control>
			</control>
		</definition>
	</include>
	<include name="Lyrics12c">
		<param name="col124" default="black"/>
		<param name="12c_left" default="10"/>
		<param name="12c_top" default="0"/>
		<definition>
			<control type="group">
				<top>$PARAM[12c_top]</top>
				<left>$PARAM[12c_left]</left>
				<control type="textbox">
					<left>600</left>
					<top>390</top>
					<width>700</width>
					<height>600</height>
					<visible>String.EndsWith(Container(110).Currentitem,12) | String.EndsWith(Container(110).Currentitem,27) | String.EndsWith(Container(110).Currentitem,42) | String.EndsWith(Container(110).Currentitem,57) | String.EndsWith(Container(110).Currentitem,72) | String.EndsWith(Container(110).Currentitem,87) | String.EndsWith(Container(110).Currentitem,02)</visible>
					<animation type="Visible" reversible="false">
						<effect type="zoom" delay="800" center="960,400" start="0" end="100" time="200"/>
					</animation>
					<label>$INFO[Container(110).ListItem.Property(part4)]</label>
					<font>lyr12d</font>
					<shadowcolor>black</shadowcolor>
					<align>center</align>
					<aligny>top</aligny>
					<textcolor>$PARAM[col124]</textcolor>
				</control>
			</control>
		</definition>
	</include>
	<include name="Lyrics13">
		<param name="col131" default="black"/>
		<param name="col132" default="black"/>
		<param name="col133" default="black"/>
		<definition>
			<control type="label">
				<visible>String.EndsWith(Container(110).Currentitem,13) | String.EndsWith(Container(110).Currentitem,28) | String.EndsWith(Container(110).Currentitem,43) | String.EndsWith(Container(110).Currentitem,58) | String.EndsWith(Container(110).Currentitem,73) | String.EndsWith(Container(110).Currentitem,88) | String.EndsWith(Container(110).Currentitem,03)</visible>
				<animation type="Visible" reversible="false">
					<effect type="zoom" center="auto" start="25" end="100" time="300"/>
					<effect type="rotate" center="auto" start="360" end="0" time="300" tween="sine" easing="out"/>
				</animation>
				<width>auto</width>
				<height>120</height>
				<label>$INFO[Container(110).ListItem.Property(part1)]</label>
				<font>lyr13</font>
				<shadowcolor>black</shadowcolor>
				<align>center</align>
				<aligny>top</aligny>
				<textcolor>$PARAM[col131]</textcolor>
			</control>
			<control type="label">
				<visible>String.EndsWith(Container(110).Currentitem,13) | String.EndsWith(Container(110).Currentitem,28) | String.EndsWith(Container(110).Currentitem,43) | String.EndsWith(Container(110).Currentitem,58) | String.EndsWith(Container(110).Currentitem,73) | String.EndsWith(Container(110).Currentitem,88) | String.EndsWith(Container(110).Currentitem,03)</visible>
				<animation type="Visible" reversible="false">
					<effect type="zoom" center="auto" start="25" end="100" time="500"/>
					<effect type="rotate" center="auto" start="450" end="0" time="500" tween="sine" easing="out"/>
				</animation>
				<width>auto</width>
				<height>120</height>
				<label> $INFO[Container(110).ListItem.Property(part2)]</label>
				<font>lyr13</font>
				<shadowcolor>black</shadowcolor>
				<align>center</align>
				<aligny>top</aligny>
				<textcolor>$PARAM[col132]</textcolor>
			</control>
			<control type="label">
				<visible>String.EndsWith(Container(110).Currentitem,13) | String.EndsWith(Container(110).Currentitem,28) | String.EndsWith(Container(110).Currentitem,43) | String.EndsWith(Container(110).Currentitem,58) | String.EndsWith(Container(110).Currentitem,73) | String.EndsWith(Container(110).Currentitem,88) | String.EndsWith(Container(110).Currentitem,03)</visible>
				<animation type="Visible" reversible="false">
					<effect type="zoom" center="auto" start="25" end="100" time="600"/>
					<effect type="rotate" center="auto" start="540" end="0" time="700" tween="sine" easing="out"/>
				</animation>
				<width>auto</width>
				<height>120</height>
				<label> $INFO[Container(110).ListItem.Property(part3)]</label>
				<font>lyr13</font>
				<shadowcolor>black</shadowcolor>
				<align>center</align>
				<aligny>top</aligny>
				<textcolor>$PARAM[col133]</textcolor>
			</control>
		</definition>
	</include>
	<include name="Lyrics13b">
		<param name="col134" default="black"/>
		<param name="13b_left" default="510"/>
		<param name="13b_top" default="220"/>
		<definition>
			<control type="group">
				<left>$PARAM[13b_left]</left>
				<top>$PARAM[13b_top]</top>
				<visible>String.EndsWith(Container(110).Currentitem,13) | String.EndsWith(Container(110).Currentitem,28) | String.EndsWith(Container(110).Currentitem,43) | String.EndsWith(Container(110).Currentitem,58) | String.EndsWith(Container(110).Currentitem,73) | String.EndsWith(Container(110).Currentitem,88) | String.EndsWith(Container(110).Currentitem,03)</visible>
				<animation type="Visible" reversible="false">
					<effect type="zoom" center="450,370" delay="700" start="25" end="100" tween="sine" easing="out" time="300"/>
				</animation>
				<control type="textbox">
					<left>0</left>
					<top>82</top>
					<width>900</width>
					<height>600</height>
					<label>$INFO[Container(110).ListItem.Property(part4)]</label>
					<font>lyr13b</font>
					<shadowcolor>black</shadowcolor>
					<align>center</align>
					<aligny>top</aligny>
					<textcolor>$PARAM[col134]</textcolor>
				</control>
			</control>
		</definition>
	</include>
	<include name="Lyrics14">
		<param name="col141" default="00ffffff"/>
		<param name="col142" default="00ffffff"/>
		<param name="col143" default="00ffffff"/>
		<definition>
			<control type="label">
				<animation effect="rotate" center="auto" start="4" end="4" condition="true">Conditional</animation>
				<visible>String.EndsWith(Container(110).Currentitem,14) | String.EndsWith(Container(110).Currentitem,29) | String.EndsWith(Container(110).Currentitem,44) | String.EndsWith(Container(110).Currentitem,59) | String.EndsWith(Container(110).Currentitem,74) | String.EndsWith(Container(110).Currentitem,89) | String.EndsWith(Container(110).Currentitem,04)</visible>
				<animation type="Visible" reversible="false">
					<effect type="slide" end="0,-400"/>
					<effect type="slide" delay="100" end="0,400" time="10"/>
					<effect type="fade" delay="100" start="0" end="100" time="250"/>
					<effect type="zoom" delay="100" start="0" end="100" time="250" tween="back" easing="out"/>
				</animation>
				<width>auto</width>
				<height>350</height>
				<label>$INFO[Container(110).ListItem.Property(part1)]</label>
				<font>lyr14</font>
				<align>center</align>
				<aligny>top</aligny>
				<textcolor>$PARAM[col141]</textcolor>
			</control>
			<control type="label">
				<animation effect="rotate" center="auto" start="-4" end="-4" condition="true">Conditional</animation>
				<visible>String.EndsWith(Container(110).Currentitem,14) | String.EndsWith(Container(110).Currentitem,29) | String.EndsWith(Container(110).Currentitem,44) | String.EndsWith(Container(110).Currentitem,59) | String.EndsWith(Container(110).Currentitem,74) | String.EndsWith(Container(110).Currentitem,89) | String.EndsWith(Container(110).Currentitem,04)</visible>
				<animation type="Visible" reversible="false">
					<effect type="slide" end="-10,-400"/>
					<effect type="slide" delay="450" end="0,390" time="10"/>
					<effect type="fade" delay="450" start="0" end="100" time="250"/>
					<effect type="zoom" delay="450" start="0" end="100" time="250" tween="back" easing="out"/>
				</animation>
				<width>auto</width>
				<height>350</height>
				<label>$INFO[Container(110).ListItem.Property(part2)]</label>
				<font>lyr14</font>
				<align>center</align>
				<aligny>top</aligny>
				<textcolor>$PARAM[col142]</textcolor>
			</control>
			<control type="label">
				<animation effect="rotate" center="auto" start="4" end="4" condition="true">Conditional</animation>
				<visible>String.EndsWith(Container(110).Currentitem,14) | String.EndsWith(Container(110).Currentitem,29) | String.EndsWith(Container(110).Currentitem,44) | String.EndsWith(Container(110).Currentitem,59) | String.EndsWith(Container(110).Currentitem,74) | String.EndsWith(Container(110).Currentitem,89) | String.EndsWith(Container(110).Currentitem,04)</visible>
				<animation type="Visible" reversible="false">
					<effect type="slide" end="0,-400"/>
					<effect type="slide" delay="800" end="0,410" time="10"/>
					<effect type="fade" delay="800" start="0" end="100" time="250"/>
					<effect type="zoom" delay="800" start="0" end="100" time="250" tween="back" easing="out"/>
				</animation>
				<width>auto</width>
				<height>350</height>
				<label>$INFO[Container(110).ListItem.Property(part3)]</label>
				<font>lyr14</font>
				<align>center</align>
				<aligny>top</aligny>
				<textcolor>$PARAM[col143]</textcolor>
			</control>
		</definition>
	</include>
	<include name="Lyrics14b">
		<param name="col144" default="00ffffff"/>
		<param name="14b_left" default="610"/>
		<param name="14b_top" default="340"/>
		<definition>
			<control type="textbox">
				<left>$PARAM[14b_left]</left>
				<top>$PARAM[14b_top]</top>
				<visible>String.EndsWith(Container(110).Currentitem,14) | String.EndsWith(Container(110).Currentitem,29) | String.EndsWith(Container(110).Currentitem,44) | String.EndsWith(Container(110).Currentitem,59) | String.EndsWith(Container(110).Currentitem,74) | String.EndsWith(Container(110).Currentitem,89) | String.EndsWith(Container(110).Currentitem,04)</visible>
				<animation type="Visible" reversible="false">
					<effect type="fade" delay="1200" start="0" end="100" time="250"/>
					<effect type="zoom" center="960,500" delay="1200" start="0" end="105" time="250" tween="back" easing="out"/>
				</animation>
				<width>700</width>
				<height>600</height>
				<label>$INFO[Container(110).ListItem.Property(part4)]</label>
				<font>lyr14b</font>
				<align>center</align>
				<aligny>top</aligny>
				<textcolor>$PARAM[col144]</textcolor>
			</control>
		</definition>
	</include>
	<include name="Lyrics15">
		<param name="col151" default="black"/>
		<param name="col152" default="black"/>
		<param name="col153" default="black"/>
		<param name="col154" default="black"/>
		<param name="15_left" default="170"/>
		<param name="15_top" default="0"/>
		<definition>
			<control type="group">
				<top>$PARAM[15_top]</top>
				<left>$PARAM[15_left]</left>
				<control type="label">
					<visible>String.EndsWith(Container(110).Currentitem,15) | String.EndsWith(Container(110).Currentitem,30) | String.EndsWith(Container(110).Currentitem,45) | String.EndsWith(Container(110).Currentitem,60) | String.EndsWith(Container(110).Currentitem,75) | String.EndsWith(Container(110).Currentitem,90) | String.EndsWith(Container(110).Currentitem,05)</visible>
					<animation type="Visible" reversible="false">
						<effect type="slide" start="1000,0" end="0,0" time="350" tween="back" easing="out"/>
						<effect type="slide" delay="800" start="0,0" end="-200,0" time="350" tween="back" easing="out"/>
					</animation>
					<left>50</left>
					<top>125</top>
					<width>925</width>
					<height>125</height>
					<label> $INFO[Container(110).ListItem.Property(part1)]</label>
					<font>lyr15</font>
					<shadowcolor>black</shadowcolor>
					<align>right</align>
					<aligny>center</aligny>
					<textcolor>$PARAM[col151]</textcolor>
				</control>
				<control type="label">
					<left>50</left>
					<visible>String.EndsWith(Container(110).Currentitem,15) | String.EndsWith(Container(110).Currentitem,30) | String.EndsWith(Container(110).Currentitem,45) | String.EndsWith(Container(110).Currentitem,60) | String.EndsWith(Container(110).Currentitem,75) | String.EndsWith(Container(110).Currentitem,90) | String.EndsWith(Container(110).Currentitem,05)</visible>
					<animation type="Visible" reversible="false">
						<effect type="slide" delay="150" start="1000,0" end="0,0" time="350" tween="back" easing="out"/>
						<effect type="slide" delay="800" start="0,0" end="-200,0" time="350" tween="back" easing="out"/>
					</animation>
					<top>250</top>
					<width>925</width>
					<height>125</height>
					<label> $INFO[Container(110).ListItem.Property(part2)]</label>
					<font>lyr15</font>
					<shadowcolor>black</shadowcolor>
					<align>right</align>
					<aligny>center</aligny>
					<textcolor>$PARAM[col152]</textcolor>
				</control>
				<control type="label">
					<visible>String.EndsWith(Container(110).Currentitem,15) | String.EndsWith(Container(110).Currentitem,30) | String.EndsWith(Container(110).Currentitem,45) | String.EndsWith(Container(110).Currentitem,60) | String.EndsWith(Container(110).Currentitem,75) | String.EndsWith(Container(110).Currentitem,90) | String.EndsWith(Container(110).Currentitem,05)</visible>
					<animation type="Visible" reversible="false">
						<effect type="slide" delay="300" start="1000,0" end="0,0" time="350" tween="back" easing="out"/>
						<effect type="slide" delay="800" start="0,0" end="-200,0" time="350" tween="back" easing="out"/>
					</animation>
					<left>50</left>
					<top>375</top>
					<width>925</width>
					<height>125</height>
					<label> $INFO[Container(110).ListItem.Property(part3)]</label>
					<font>lyr15</font>
					<shadowcolor>black</shadowcolor>
					<align>right</align>
					<aligny>center</aligny>
					<textcolor>$PARAM[col153]</textcolor>
				</control>
				<control type="textbox">
					<left>800</left>
					<top>10</top>
					<width>600</width>
					<height>600</height>
					<visible>String.EndsWith(Container(110).Currentitem,15) | String.EndsWith(Container(110).Currentitem,30) | String.EndsWith(Container(110).Currentitem,45) | String.EndsWith(Container(110).Currentitem,60) | String.EndsWith(Container(110).Currentitem,75) | String.EndsWith(Container(110).Currentitem,90) | String.EndsWith(Container(110).Currentitem,05)</visible>
					<animation type="Visible" reversible="false">
						<effect type="slide" delay="650" start="0,-400" end="0,0" time="1200" tween="bounce" easing="out" />
					</animation>
					<label>$INFO[Container(110).ListItem.Property(part4)]</label>
					<font>lyr15b</font>
					<shadowcolor>black</shadowcolor>
					<align>left</align>
					<aligny>center</aligny>
					<textcolor>$PARAM[col154]</textcolor>
				</control>
			</control>
		</definition>
	</include>
	<include name="line1">
		<width>900</width>
		<height>600</height>
		<font>lyrsh16</font>
		<align>center</align>
		<aligny>center</aligny>
	</include>
	<include name="line3">
		<width>900</width>
		<height>600</height>
		<font>lyrsh38</font>
		<align>center</align>
		<aligny>center</aligny>
	</include>
	<include name="line7">
		<width>900</width>
		<height>600</height>
		<font>lyrsh72</font>
		<align>center</align>
		<aligny>center</aligny>
	</include>
	<include name="line9">
		<width>900</width>
		<height>600</height>
		<font>lyrsh94</font>
		<align>center</align>
		<aligny>center</aligny>
	</include>
</includes>