<?xml version="1.0" encoding="UTF-8"?>
<window>
	<defaultcontrol always="true">3012</defaultcontrol>
	<onload>Dialog.Close(fullscreeninfo,true)</onload>
	<onload>Dialog.Close(videoosd,true)</onload>
	<include>PropertyIncludes</include>
	<controls>
		<!--3000 - Title
		3001 - Plot
		3002 - Season/Episode
		3003 - Rating
		3004 - First Aired
		3005 - TV Show Fanart
		3006 - TV Show ClearArt
		3007 - TV Show Title
		3008 - Episode Thumb
		3009 - TV Show Poster
		3010 - TV Show Landscape
		3011 - Video Resolution
		3012 - Watch Now Button
		3013 - Cancel Button
		3015 - Season Number
		3016 - Episode Number
		3018 - Play Count-->
		<control type="label" id="3000">
			<include>HiddenObject</include>
		</control>
		<control type="textbox" id="3001">
			<include>HiddenObject</include>
		</control>
		<control type="label" id="3002">
			<include>HiddenObject</include>
		</control>
		<control type="label" id="3004">
			<include>HiddenObject</include>
		</control>
		<control type="image" id="3005">
			<include>HiddenObject</include>
		</control>
		<control type="image" id="3006">
			<include>HiddenObject</include>
		</control>
		<control type="label" id="3007">
			<include>HiddenObject</include>
		</control>
		<control type="image" id="3008">
			<include>HiddenObject</include>
		</control>
		<control type="image" id="3009">
			<include>HiddenObject</include>
		</control>
		<control type="image" id="3010">
			<include>HiddenObject</include>
		</control>
		<control type="label" id="3011">
			<include>HiddenObject</include>
		</control>
		<control type="label" id="3015">
			<include>HiddenObject</include>
		</control>
		<control type="label" id="3016">
			<include>HiddenObject</include>
		</control>
		<control type="label" id="3018">
			<include>HiddenObject</include>
		</control>
		<!-- OSD -->
		<control type="group">
			<animation effect="fade" start="0" end="100" time="0">Visible</animation>
			<animation effect="fade" start="100" end="0" time="400m">Hidden</animation>
			<!--Bottom-->
			<control type="group">
				<!-- mask -->
				<control type="image">
					<bottom>0</bottom>
					<width>100%</width>
					<height>180</height>
					<texture colordiffuse="black">views/player/mask_bottom.png</texture>
				</control>
				<!-- Wide -->
				<control type="group">
					<visible>true</visible>
					<control type="image">
						<bottom>20</bottom>
						<left>20</left>
						<width>268</width>
						<height>159</height>
						<texture>views/player/shadow_wide.png</texture>
					</control>
					<control type="image">
						<bottom>29</bottom>
						<left>29</left>
						<width>250</width>
						<height>141</height>
						<texture colordiffuse="thumb_background_fallback" diffuse="views/player/mask_wide.png">common/white.jpg</texture>
						<aspectratio scalediffuse="false">stretch</aspectratio>
						<visible>String.IsEmpty(Control.GetLabel(3005)) + String.IsEmpty(Control.GetLabel(3008))</visible>
					</control>
					<control type="textbox">
						<bottom>39</bottom>
						<left>39</left>
						<width>230</width>
						<height>121</height>
						<font>Light24</font>
						<textcolor>white</textcolor>
						<align>center</align>
						<aligny>center</aligny>
						<label>$INFO[Control.GetLabel(3007)]</label>
						<visible>String.IsEmpty(Control.GetLabel(3005)) + String.IsEmpty(Control.GetLabel(3008))</visible>
					</control>
					<control type="image">
						<bottom>29</bottom>
						<left>29</left>
						<width>250</width>
						<height>141</height>
						<texture colordiffuse="thumb_background" diffuse="views/player/mask_wide.png">common/white.jpg</texture>
						<aspectratio scalediffuse="false">stretch</aspectratio>
						<visible>!String.IsEmpty(Control.GetLabel(3005)) | !String.IsEmpty(Control.GetLabel(3008))</visible>
					</control>
					<control type="image">
						<bottom>29</bottom>
						<left>29</left>
						<width>250</width>
						<height>141</height>
						<texture diffuse="views/player/mask_square.png">$VAR[NextUpThumb]</texture>
						<aspectratio scalediffuse="false">scale</aspectratio>
						<visible>!String.IsEmpty(Control.GetLabel(3005)) | !String.IsEmpty(Control.GetLabel(3008))</visible>
					</control>
				</control>
				<!-- Label section -->
				<control type="grouplist">
					<orientation>horizontal</orientation>
					<height>31</height>
					<bottom>135</bottom>
					<left>309</left>
					<right>30</right>
					<itemgap>0</itemgap>
					<control type="label">
						<width>auto</width>
						<height>30</height>
						<aligny>center</aligny>
						<font>med28</font>
						<textcolor>white</textcolor>
						<label>[LIGHT]$LOCALIZE[31012]   [COLOR emby]$VAR[PlayerTimeRemaining][/COLOR][/LIGHT]</label>
					</control>
				</control>
				<!-- Details -->
				<control type="grouplist">
					<orientation>horizontal</orientation>
					<height>31</height>
					<bottom>98</bottom>
					<left>309</left>
					<right>30</right>
					<itemgap>0</itemgap>
					<control type="label">
						<width>auto</width>
						<height>30</height>
						<aligny>center</aligny>
						<font>reg24</font>
						<textcolor>white</textcolor>
						<label>$INFO[Control.GetLabel(3007),, - ]$INFO[Control.GetLabel(3015),S,:]$INFO[Control.GetLabel(3016),E, - ]$INFO[Control.GetLabel(3000)]   </label>
						<visible>!String.IsEmpty(Control.GetLabel(3000))</visible>
					</control>
					<control type="label">
						<width>auto</width>
						<height>30</height>
						<aligny>center</aligny>
						<font>reg24</font>
						<textcolor>white</textcolor>
						<label>$INFO[Control.GetLabel(3004),,   ]</label>
						<visible>!String.IsEmpty(Control.GetLabel(3004))</visible>
					</control>
					<control type="label">
						<animation effect="slide" end="-2,2" time="0" condition="true">Conditional</animation>
						<width>auto</width>
						<height>30</height>
						<aligny>center</aligny>
						<label></label>
						<font>Material26</font>
						<textcolor>red</textcolor>
						<visible>!String.IsEmpty(Control.GetLabel(3003))</visible>
					</control>
					<control type="label" id="3003">
						<width>auto</width>
						<height>30</height>
						<aligny>center</aligny>
						<label>$INFO[VideoPlayer.Rating]   </label>
						<font>reg24</font>
						<textcolor>white</textcolor>
					</control>
				</control>
				<!-- Bottom label section -->
				<control type="grouplist">
					<orientation>horizontal</orientation>
					<height>56</height>
					<bottom>27</bottom>
					<left>309</left>
					<right>20</right>
					<itemgap>5</itemgap>
					<control type="button" id="3012">
						<include>LightGreyButton</include>
						<label>$LOCALIZE[31010]</label>
					</control>
					<control type="button" id="3013">
						<include>LightGreyButton</include>
						<label>$LOCALIZE[15067]</label>
					</control>
				</control>
			</control>
		</control>
	</controls>
</window>