<?xml version="1.0" encoding="UTF-8"?>
<window>
	<defaultcontrol always="true">4012</defaultcontrol>
	<onload>Dialog.Close(fullscreeninfo,true)</onload>
	<onload>Dialog.Close(videoosd,true)</onload>
	<include>PropertyIncludes</include>
	<controls>
		<!--4000 - Label
		4001 - TV Show Poster
		4002 - Episode Thumb
		4003 - Rating
		4004 - First Aired
		4005 - TV Show Landscape
		4006 - Plot
		4007 - TV Show Fanart
		4008 - Season Number
		4009 - Episode Number
		4010 - Title
		4011 - Video Resolution
		4012 - Continue Watching Button
		4013 - Cancel Button
		4014 - TV Show ClearArt
		4018 - Play Count-->
		<control type="label" id="4000">
			<include>HiddenObject</include>
		</control>
		<control type="image" id="4001">
			<include>HiddenObject</include>
		</control>
		<control type="image" id="4002">
			<include>HiddenObject</include>
		</control>
		<control type="label" id="4004">
			<include>HiddenObject</include>
		</control>
		<control type="image" id="4005">
			<include>HiddenObject</include>
		</control>
		<control type="label" id="4006">
			<include>HiddenObject</include>
		</control>
		<control type="image" id="4007">
			<include>HiddenObject</include>
		</control>
		<control type="label" id="4008">
			<include>HiddenObject</include>
		</control>
		<control type="label" id="4009">
			<include>HiddenObject</include>
		</control>
		<control type="label" id="4010">
			<include>HiddenObject</include>
		</control>
		<control type="label" id="4011">
			<include>HiddenObject</include>
		</control>
		<control type="image" id="4014">
			<include>HiddenObject</include>
		</control>
		<control type="label" id="4018">
			<include>HiddenObject</include>
		</control>
		<!-- OSD -->
		<control type="group">
			<animation effect="fade" start="0" end="100" time="0">Visible</animation>
			<animation effect="fade" start="100" end="0" time="400m">Hidden</animation>
			<!--Bottom-->
			<control type="group">
				<!-- mask -->
				<control type="image">
					<bottom>0</bottom>
					<width>100%</width>
					<height>180</height>
					<texture colordiffuse="black">views/player/mask_bottom.png</texture>
				</control>
				<!-- Wide -->
				<control type="group">
					<visible>true</visible>
					<control type="image">
						<bottom>20</bottom>
						<left>20</left>
						<width>268</width>
						<height>159</height>
						<texture>views/player/shadow_wide.png</texture>
					</control>
					<control type="image">
						<bottom>29</bottom>
						<left>29</left>
						<width>250</width>
						<height>141</height>
						<texture colordiffuse="thumb_background_fallback" diffuse="views/player/mask_wide.png">common/white.jpg</texture>
						<aspectratio scalediffuse="false">stretch</aspectratio>
						<visible>String.IsEmpty(Control.GetLabel(4005)) + String.IsEmpty(Control.GetLabel(4007))</visible>
					</control>
					<control type="textbox">
						<bottom>39</bottom>
						<left>39</left>
						<width>230</width>
						<height>121</height>
						<font>Light24</font>
						<textcolor>white</textcolor>
						<align>center</align>
						<aligny>center</aligny>
						<label>$INFO[Control.GetLabel(4000)]</label>
						<visible>String.IsEmpty(Control.GetLabel(4005)) + String.IsEmpty(Control.GetLabel(4007))</visible>
					</control>
					<control type="image">
						<bottom>29</bottom>
						<left>29</left>
						<width>250</width>
						<height>141</height>
						<texture colordiffuse="thumb_background" diffuse="views/player/mask_wide.png">common/white.jpg</texture>
						<aspectratio scalediffuse="false">stretch</aspectratio>
						<visible>!String.IsEmpty(Control.GetLabel(4005)) | !String.IsEmpty(Control.GetLabel(4007))</visible>
					</control>
					<control type="image">
						<bottom>29</bottom>
						<left>29</left>
						<width>250</width>
						<height>141</height>
						<texture diffuse="views/player/mask_square.png">$VAR[NextUpThumb]</texture>
						<aspectratio scalediffuse="false">scale</aspectratio>
						<visible>!String.IsEmpty(Control.GetLabel(4005)) | !String.IsEmpty(Control.GetLabel(4007))</visible>
					</control>
				</control>
				<!-- Label section -->
				<control type="grouplist">
					<orientation>horizontal</orientation>
					<height>31</height>
					<bottom>135</bottom>
					<left>309</left>
					<right>30</right>
					<itemgap>0</itemgap>
					<control type="label">
						<width>auto</width>
						<height>30</height>
						<aligny>center</aligny>
						<font>med28</font>
						<textcolor>white</textcolor>
						<label>[LIGHT]$LOCALIZE[31130]   [COLOR emby]$VAR[PlayerTimeRemaining][/COLOR][/LIGHT]</label>
					</control>
				</control>
				<!-- Details -->
				<control type="grouplist">
					<orientation>horizontal</orientation>
					<height>31</height>
					<bottom>98</bottom>
					<left>309</left>
					<right>30</right>
					<itemgap>0</itemgap>
					<control type="label">
						<width>auto</width>
						<height>30</height>
						<aligny>center</aligny>
						<font>reg24</font>
						<textcolor>white</textcolor>
						<label>$INFO[Control.GetLabel(4010),, - ]$INFO[Control.GetLabel(4008),S,:]$INFO[Control.GetLabel(4009),E, - ]$INFO[Control.GetLabel(4000)]   </label>
						<visible>!String.IsEmpty(Control.GetLabel(4000))</visible>
					</control>
					<control type="label">
						<width>auto</width>
						<height>30</height>
						<aligny>center</aligny>
						<font>reg24</font>
						<textcolor>white</textcolor>
						<label>$INFO[Control.GetLabel(4004),,   ]</label>
						<visible>!String.IsEmpty(Control.GetLabel(4004))</visible>
					</control>
					<control type="label">
						<animation effect="slide" end="-2,2" time="0" condition="true">Conditional</animation>
						<width>auto</width>
						<height>30</height>
						<aligny>center</aligny>
						<label></label>
						<font>Material26</font>
						<textcolor>red</textcolor>
						<visible>!String.IsEmpty(Control.GetLabel(4003))</visible>
					</control>
					<control type="label" id="4003">
						<width>auto</width>
						<height>30</height>
						<aligny>center</aligny>
						<label>$INFO[VideoPlayer.Rating]   </label>
						<font>reg24</font>
						<textcolor>white</textcolor>
					</control>
				</control>
				<!-- Bottom label section -->
				<control type="grouplist">
					<orientation>horizontal</orientation>
					<height>56</height>
					<bottom>27</bottom>
					<left>309</left>
					<right>20</right>
					<itemgap>5</itemgap>
					<control type="button" id="4012">
						<include>LightGreyButton</include>
						<label>$LOCALIZE[31010]</label>
					</control>
					<control type="button" id="4013">
						<include>LightGreyButton</include>
						<label>$LOCALIZE[15067]</label>
					</control>
				</control>
			</control>
		</control>
	</controls>
</window>