<?xml version='1.0' encoding='UTF-8' standalone='yes'?>
<addon id="plugin.get.cast" version="0.0.1" name="Get Cast Plugin" provider-name="sualfred">
	<requires>
		<import addon="xbmc.json" version="7.9.0"/>
		<import addon="xbmc.python" version="2.25.0"/>
		<import addon="script.module.simplejson" version="3.3.0"/>
	</requires>
	<extension point="xbmc.python.pluginsource" library="plugin.py">
	</extension>
	<extension point="xbmc.addon.metadata">
		<summary lang="en">Deliveres the cast of a database item</summary>
		<description lang="en" />
		<disclaimer lang="en" />
		<platform>all</platform>
		<language />
		<license>GNU GENERAL PUBLIC LICENSE Version 2, June 1991</license>
		<forum />
		<website />
		<email />
		<source></source>
		<assets>
			<icon>resources/icon.png</icon>
			<fanart>resources/fanart.jpg</fanart>
		</assets>
	</extension>
</addon>
