<?xml version="1.0" encoding="UTF-8"?>
<window>
	<defaultcontrol>9000</defaultcontrol>
	<controls>
		<include content="DiffuseMask">
			<param name="visible">true</param>
		</include>
		<control type="group">
			<include>Dialog_PopupOpenClose</include>
			<centerleft>50%</centerleft>
			<width>284</width>
			<centertop>50%</centertop>
			<height>970</height>
			<control type="grouplist" id="9000">
				<orientation>vertical</orientation>
				<height>auto</height>
				<align>center</align>
				<itemgap>0</itemgap>
				<onright>close</onright>
				<onleft>close</onleft>
				<usecontrolcoords>true</usecontrolcoords>
				<control type="image">
					<width>100%</width>
					<height>10</height>
					<texture colordiffuse="panel">common/menu_top.png</texture>
				</control>
				<control type="button" id="1">
					<include content="CommonButton"/>
					<label>$LOCALIZE[5]</label>
					<onclick>Dialog.Close(all,true)</onclick>
					<onclick>ActivateWindow(settings)</onclick>
				</control>
				<control type="button" id="2">
					<include content="CommonButton"/>
					<label>$LOCALIZE[13012]</label>
					<onclick>Quit()</onclick>
					<visible>System.ShowExitButton</visible>
				</control>
				<control type="button" id="3">
					<include content="CommonButton"/>
					<label>$LOCALIZE[13016]</label>
					<onclick>Powerdown()</onclick>
					<visible>System.CanPowerDown</visible>
				</control>
				<control type="button" id="4">
					<include content="CommonButton"/>
					<label>$LOCALIZE[20150]</label>
					<onclick>AlarmClock(shutdowntimer,Shutdown())</onclick>
					<visible>!System.HasAlarm(shutdowntimer)</visible>
					<visible>System.CanPowerDown | System.CanSuspend | System.CanHibernate</visible>
				</control>
				<control type="button" id="5">
					<include content="CommonButton"/>
					<label>$LOCALIZE[20151] $INFO[System.AlarmPos,(,)]</label>
					<onclick>CancelAlarm(shutdowntimer)</onclick>
					<visible>System.HasAlarm(shutdowntimer)</visible>
				</control>
				<control type="button" id="6">
					<include content="CommonButton"/>
					<label>$LOCALIZE[13011]</label>
					<onclick>Suspend()</onclick>
					<visible>System.CanSuspend</visible>
				</control>
				<control type="button" id="7">
					<include content="CommonButton"/>
					<label>$LOCALIZE[13010]</label>
					<onclick>Hibernate()</onclick>
					<visible>System.CanHibernate</visible>
				</control>
				<control type="button" id="8">
					<include content="CommonButton"/>
					<label>$LOCALIZE[13013]</label>
					<onclick>Reset()</onclick>
					<visible>System.CanReboot</visible>
				</control>
				<control type="button" id="9">
					<include content="CommonButton"/>
					<label>$LOCALIZE[20126] $INFO[system.profilename]</label>
					<onclick>dialog.close(all,true)</onclick>
					<onclick>System.LogOff</onclick>
					<visible>System.HasLoginScreen | Integer.IsGreater(System.ProfileCount,1)</visible>
					<visible>System.Loggedon</visible>
				</control>
				<control type="button" id="10">
					<include content="CommonButton"/>
					<label>$LOCALIZE[20046]</label>
					<altlabel>$LOCALIZE[20045]</altlabel>
					<usealttexture>!System.IsMaster</usealttexture>
					<onclick>mastermode</onclick>
					<visible>System.HasLocks</visible>
				</control>
				<control type="button" id="11">
					<include content="CommonButton"/>
					<label>$LOCALIZE[13017]</label>
					<onclick>InhibitIdleShutdown(true)</onclick>
					<visible>System.HasShutdown +!System.IsInhibit</visible>
				</control>
				<control type="button" id="12">
					<include content="CommonButton"/>
					<label>$LOCALIZE[13018]</label>
					<onclick>InhibitIdleShutdown(false)</onclick>
					<visible>System.HasShutdown + System.IsInhibit</visible>
				</control>
				<control type="image">
					<width>100%</width>
					<height>10</height>
					<texture colordiffuse="panel">common/menu_bottom.png</texture>
				</control>
			</control>
		</control>
	</controls>
</window>
