<?xml version="1.0" encoding="UTF-8"?>
<includes>
	<include name="Season_View_54">
		<!-- season 54 -->
		<control type="grouplist" id="540">
			<include>Visible_OpenClose</include>
			<visible>Control.IsVisible(54)</visible>
			<width>100%</width>
			<height>100%</height>
			<orientation>vertical</orientation>
			<usecontrolcoords>true</usecontrolcoords>
			<pagecontrol>17</pagecontrol>
			<scrolltime tween="sine" easing="out">400</scrolltime>
			<itemgap>-80</itemgap>
			<!-- Meta -->
			<control type="group">
				<width>1920</width>
				<height>1077</height>
				<control type="group">
					<top>128</top>
					<height>435</height>
					<width>1920</width>
					<!-- poster -->
					<include>MetaPoster</include>
					<!-- meta -->
					<control type="grouplist">
						<left>370</left>
						<orientation>vertical</orientation>
						<height>500</height>
						<align>top</align>
						<itemgap>0</itemgap>
						<width>1480</width>
						<!-- Title -->
						<control type="label">
							<width>1040</width>
							<height>60</height>
							<label>$INFO[ListItem.TVShowTitle]</label>
							<aligny>top</aligny>
							<font>Reg37</font>
						</control>
						<control type="label">
							<width>1040</width>
							<height>60</height>
							<label>$INFO[ListItem.Title]</label>
							<aligny>top</aligny>
							<font>Reg37</font>
						</control>
						<!-- meta -->
						<include>MetaSeasonInfos</include>
						<!-- buttons -->
						<control type="grouplist" id="100">
							<height>75</height>
							<orientation>horizontal</orientation>
							<itemgap>5</itemgap>
							<onright>noop</onright>
							<onleft>900</onleft>
							<control type="button" id="101">
								<include>LightGreyButton</include>
								<label>$VAR[VideoInfoButton8]</label>
								<onup>SetFocus(6666)</onup>
								<onclick>SetFocus(50)</onclick>
								<onclick>Select</onclick>
								<ondown>SetFocus(50)</ondown>
							</control>
							<control type="button" id="110">
								<visible>!String.IsEmpty(ListItem.Plot)</visible>
								<include>LightGreyButton</include>
								<width>70</width>
								<height>50</height>
								<font>material24</font>
								<label></label>
								<onclick>RunScript(script.skin.helper.service,action=textviewer,header='$ESCINFO[ListItem.TVShowTitle]',message='$ESCINFO[ListItem.Plot]')</onclick>
								<onup>SetFocus(6666)</onup>
								<ondown>SetFocus(54)</ondown>
							</control>
							<control type="togglebutton" id="102">
								<include>LightGreyButton</include>
								<width>70</width>
								<height>50</height>
								<font>material24</font>
								<label>[B][/B]</label>
								<altlabel>[B][COLOR red][/COLOR][/B]</altlabel>
								<onclick>ToggleWatched</onclick>
								<onup>SetFocus(6666)</onup>
								<ondown>SetFocus(54)</ondown>
								<selected>String.IsEqual(ListItem.Overlay,OverlayWatched.png) | Integer.IsGreaterOrEqual(ListItem.PlayCount,1) | [String.IsEqual(ListItem.DBtype,tvshow) + !String.IsEmpty(ListItem.Property(UnWatchedEpisodes)) + Integer.IsLess(ListItem.Property(UnWatchedEpisodes),1)]</selected>
							</control>
						</control>
						<!-- genre -->
						<include>MetaGenre</include>
						<control type="label">
							<width>auto</width>
							<height>40</height>
							<label>$INFO[Window(home).Property(EmbyGenre),$LOCALIZE[515]: ,   ]</label>
							<font>reg22</font>
							<aligny>top</aligny>
							<textcolor>emby</textcolor>
							<visible>String.IsEmpty(ListItem.Genre) + !String.IsEmpty(Window(home).Property(EmbyGenre)) + String.StartsWith(ListItem.Path,plugin://plugin.video.embycon)</visible>
						</control>
						<control type="textbox">
							<width>100%</width>
							<height max="130">auto</height>
							<align>justify</align>
							<aligny>top</aligny>
							<label>$VAR[SeasonViewPlot]</label>
							<font>Light24</font>
							<autoscroll>false</autoscroll>
						</control>
					</control>
					<!-- logo -->
					<include>MetaClearlogo</include>
				</control>
				<control type="group">
					<top>524</top>
					<!-- Seasons -->
					<include content="PosterWidget">
						<param name="id" value="54"/>
						<param name="onup" value="100"/>
						<param name="ondown" value="200"/>
						<param name="headline" value="$LOCALIZE[33054]"/>
						<param name="sublabel" value=""/>
						<param name="use_custom_content" value="false"/>
						<param name="height" value="553"/>
						<param name="content_visible" value="$EXP[SeasonViewVisible]"/>
						<param name="list_name" value="$LOCALIZE[20373]"/>
					</include>
				</control>
			</control>
			<!-- Next Up -->
			<include content="WideWidget">
				<param name="force_visible" value="Integer.IsGreater(Window(home).Property(UnwatchedEpisodes),0)"/>
				<param name="id" value="200"/>
				<param name="onup" value="54"/>
				<param name="ondown" value="300"/>
				<param name="onback" value="54"/>
				<param name="height" value="438"/>
				<param name="sublabel" value=""/>
				<param name="sortby" value="playcount"/>
				<param name="sortorder" value="ascending"/>
				<param name="limit" value="1"/>
				<param name="headline" value="$LOCALIZE[31012]"/>
				<param name="content" value="$VAR[View54_NextUp_Content]"/>
			</include>
			<!-- Cast -->
			<include content="CastWidget">
				<param name="visible" value="Integer.IsGreater(Container(2000).NumItems,0)"/>
				<param name="id" value="300"/>
				<param name="onup" value="200"/>
				<param name="ondown" value="noop"/>
				<param name="onback" value="54"/>
				<param name="content" value="$VAR[View_Cast_Content]"/>
			</include>
		</control>
		<!-- Hidden scrollbar -->
		<control id="96" type="scrollbar">
			<left>-1200</left>
			<width>100</width>
			<height>1</height>
			<showonepage>false</showonepage>
			<orientation>vertical</orientation>
			<visible>Control.IsVisible(54)</visible>
		</control>
	</include>
</includes>