<?xml version="1.0" encoding="UTF-8"?>
<includes>
	<!-- main menu content -->
	<include name="MainMenuItemTemplate">
		<param name="artwork">thumb</param>
		<definition>
			<item>
				<label>$PARAM[label]</label>
				<onclick>$PARAM[onclick]</onclick>
				<icon>$PARAM[icon]</icon>
				<property name="art1">$INFO[Container($PARAM[id]).ListItem(0).Art($PARAM[artwork])]</property>
				<property name="art2">$INFO[Container($PARAM[id]).ListItem(1).Art($PARAM[artwork])]</property>
				<property name="art3">$INFO[Container($PARAM[id]).ListItem(2).Art($PARAM[artwork])]</property>
				<property name="art4">$INFO[Container($PARAM[id]).ListItem(3).Art($PARAM[artwork])]</property>
				<visible>$PARAM[visible]</visible>
			</item>
		</definition>
	</include>
	<include name="CustomMainMenuItemTemplate">
		<item>
			<label>$INFO[Skin.String(UserHomeHub$PARAM[nr]_name)]</label>
			<onclick>ActivateWindow($INFO[Skin.String(UserHomeHub$PARAM[nr]_target)],$INFO[Skin.String(UserHomeHub$PARAM[nr]_path)],return)</onclick>
			<icon>$PARAM[icon]</icon>
			<property name="art1">$INFO[Container(4$PARAM[nr]).ListItem(0).Art(thumb)]</property>
			<property name="art2">$INFO[Container(4$PARAM[nr]).ListItem(1).Art(thumb)]</property>
			<property name="art3">$INFO[Container(4$PARAM[nr]).ListItem(2).Art(thumb)]</property>
			<property name="art4">$INFO[Container(4$PARAM[nr]).ListItem(3).Art(thumb)]</property>
			<visible>$PARAM[visible] + Skin.HasSetting(UserHomeHub$PARAM[nr])</visible>
		</item>
	</include>
	<include name="EmbyConNodeMainMenuItemTemplate">
		<item>
			<label>$INFO[Window(home).Property(plugin.video.embycon-view_item.$PARAM[nr].name)]$VAR[EmbyConLabel]</label>
			<onclick>ActivateWindow(116$PARAM[nr])</onclick>
			<icon>$PARAM[icon]</icon>
			<property name="embyart">$INFO[Window(home).Property(plugin.video.embycon-view_item.$PARAM[nr].thumb)]</property>
			<visible>$PARAM[visible]</visible>
		</item>
	</include>
	<include name="EmbyNodeMainMenuItemTemplate">
		<item>
			<label>$INFO[Window(home).Property(emby.nodes.$PARAM[nr].title)]</label>
			<onclick condition="!String.IsEqual(Window(home).Property(emby.nodes.$PARAM[nr].type),homevideos)">ActivateWindow(113$PARAM[nr])</onclick>
			<onclick condition="String.IsEqual(Window(home).Property(emby.nodes.$PARAM[nr].type),homevideos)">ActivateWindow(pictures,$INFO[Window(home).Property(emby.nodes.$PARAM[nr].content)],return)</onclick>
			<icon>$PARAM[icon]</icon>
			<property name="embyart">$INFO[Window(home).Property(emby.nodes.$PARAM[nr].artwork)]</property>
			<visible>$PARAM[visible]</visible>
		</item>
	</include>

	<include name="MainMenuPosition">
		<!-- all movies -->
		<include content="MainMenuItemTemplate">
			<param name="id" value="51"/>
			<param name="label" value="$INFO[Skin.String(home_menu_pos_$PARAM[nr].label)]"/>
			<param name="icon" value="$INFO[Skin.String(movies.icon)]"/>
			<param name="onclick" value="ActivateWindow(1120,return)"/>
			<param name="artwork" value="poster"/>
			<param name="visible" value="String.IsEqual(Skin.String(home_menu_pos_$PARAM[nr]),movies) + $EXP[MenuMoviesVisiblity]"/>
		</include>
		<!-- all shows -->
		<include content="MainMenuItemTemplate">
			<param name="id" value="52"/>
			<param name="label" value="$INFO[Skin.String(home_menu_pos_$PARAM[nr].label)]"/>
			<param name="icon" value="$INFO[Skin.String(shows.icon)]"/>
			<param name="onclick" value="ActivateWindow(1121,return)"/>
			<param name="artwork" value="poster"/>
			<param name="visible" value="String.IsEqual(Skin.String(home_menu_pos_$PARAM[nr]),shows) + $EXP[MenuTVShowsVisiblity]"/>
		</include>
		<!-- Emby nodes -->
		<include content="EmbyNodeMainMenuItemTemplate">
			<param name="nr" value="0"/>
			<param name="icon" value="$INFO[Skin.String(emby0.icon)]"/>
			<param name="visible" value="String.IsEqual(Skin.String(home_menu_pos_$PARAM[nr]),emby0) + $EXP[MenuEmby0Visiblity]"/>
		</include>
		<include content="EmbyNodeMainMenuItemTemplate">
			<param name="nr" value="1"/>
			<param name="icon" value="$INFO[Skin.String(emby1.icon)]"/>
			<param name="visible" value="String.IsEqual(Skin.String(home_menu_pos_$PARAM[nr]),emby1) + $EXP[MenuEmby1Visiblity]"/>
		</include>
		<include content="EmbyNodeMainMenuItemTemplate">
			<param name="nr" value="2"/>
			<param name="icon" value="$INFO[Skin.String(emby2.icon)]"/>
			<param name="visible" value="String.IsEqual(Skin.String(home_menu_pos_$PARAM[nr]),emby2) + $EXP[MenuEmby2Visiblity]"/>
		</include>
		<include content="EmbyNodeMainMenuItemTemplate">
			<param name="nr" value="3"/>
			<param name="icon" value="$INFO[Skin.String(emby3.icon)]"/>
			<param name="visible" value="String.IsEqual(Skin.String(home_menu_pos_$PARAM[nr]),emby3) + $EXP[MenuEmby3Visiblity]"/>
		</include>
		<include content="EmbyNodeMainMenuItemTemplate">
			<param name="nr" value="4"/>
			<param name="icon" value="$INFO[Skin.String(emby4.icon)]"/>
			<param name="visible" value="String.IsEqual(Skin.String(home_menu_pos_$PARAM[nr]),emby4) + $EXP[MenuEmby4Visiblity]"/>
		</include>
		<include content="EmbyNodeMainMenuItemTemplate">
			<param name="nr" value="5"/>
			<param name="icon" value="$INFO[Skin.String(emby5.icon)]"/>
			<param name="visible" value="String.IsEqual(Skin.String(home_menu_pos_$PARAM[nr]),emby5) + $EXP[MenuEmby5Visiblity]"/>
		</include>
		<include content="EmbyNodeMainMenuItemTemplate">
			<param name="nr" value="6"/>
			<param name="icon" value="$INFO[Skin.String(emby6.icon)]"/>
			<param name="visible" value="String.IsEqual(Skin.String(home_menu_pos_$PARAM[nr]),emby6) + $EXP[MenuEmby6Visiblity]"/>
		</include>
		<include content="EmbyNodeMainMenuItemTemplate">
			<param name="nr" value="7"/>
			<param name="icon" value="$INFO[Skin.String(emby7.icon)]"/>
			<param name="visible" value="String.IsEqual(Skin.String(home_menu_pos_$PARAM[nr]),emby7) + $EXP[MenuEmby7Visiblity]"/>
		</include>
		<include content="EmbyNodeMainMenuItemTemplate">
			<param name="nr" value="8"/>
			<param name="icon" value="$INFO[Skin.String(emby8.icon)]"/>
			<param name="visible" value="String.IsEqual(Skin.String(home_menu_pos_$PARAM[nr]),emby8) + $EXP[MenuEmby8Visiblity]"/>
		</include>
		<include content="EmbyNodeMainMenuItemTemplate">
			<param name="nr" value="9"/>
			<param name="icon" value="$INFO[Skin.String(emby9.icon)]"/>
			<param name="visible" value="String.IsEqual(Skin.String(home_menu_pos_$PARAM[nr]),emby9) + $EXP[MenuEmby9Visiblity]"/>
		</include>
		<!-- EmbyCon nodes -->
		<include content="EmbyConNodeMainMenuItemTemplate">
			<param name="nr" value="0"/>
			<param name="icon" value="$INFO[Skin.String(embycon0.icon)]"/>
			<param name="visible" value="String.IsEqual(Skin.String(home_menu_pos_$PARAM[nr]),embycon0) + $EXP[MenuEmbyCon0Visiblity]"/>
		</include>
		<include content="EmbyConNodeMainMenuItemTemplate">
			<param name="nr" value="1"/>
			<param name="icon" value="$INFO[Skin.String(embycon1.icon)]"/>
			<param name="visible" value="String.IsEqual(Skin.String(home_menu_pos_$PARAM[nr]),embycon1) + $EXP[MenuEmbyCon1Visiblity]"/>
		</include>
		<include content="EmbyConNodeMainMenuItemTemplate">
			<param name="nr" value="2"/>
			<param name="icon" value="$INFO[Skin.String(embycon2.icon)]"/>
			<param name="visible" value="String.IsEqual(Skin.String(home_menu_pos_$PARAM[nr]),embycon2) + $EXP[MenuEmbyCon2Visiblity]"/>
		</include>
		<include content="EmbyConNodeMainMenuItemTemplate">
			<param name="nr" value="3"/>
			<param name="icon" value="$INFO[Skin.String(embycon3.icon)]"/>
			<param name="visible" value="String.IsEqual(Skin.String(home_menu_pos_$PARAM[nr]),embycon3) + $EXP[MenuEmbyCon3Visiblity]"/>
		</include>
		<include content="EmbyConNodeMainMenuItemTemplate">
			<param name="nr" value="4"/>
			<param name="icon" value="$INFO[Skin.String(embycon4.icon)]"/>
			<param name="visible" value="String.IsEqual(Skin.String(home_menu_pos_$PARAM[nr]),embycon4) + $EXP[MenuEmbyCon4Visiblity]"/>
		</include>
		<include content="EmbyConNodeMainMenuItemTemplate">
			<param name="nr" value="5"/>
			<param name="icon" value="$INFO[Skin.String(embycon5.icon)]"/>
			<param name="visible" value="String.IsEqual(Skin.String(home_menu_pos_$PARAM[nr]),embycon5) + $EXP[MenuEmbyCon5Visiblity]"/>
		</include>
		<include content="EmbyConNodeMainMenuItemTemplate">
			<param name="nr" value="6"/>
			<param name="icon" value="$INFO[Skin.String(embycon6.icon)]"/>
			<param name="visible" value="String.IsEqual(Skin.String(home_menu_pos_$PARAM[nr]),embycon6) + $EXP[MenuEmbyCon6Visiblity]"/>
		</include>
		<include content="EmbyConNodeMainMenuItemTemplate">
			<param name="nr" value="7"/>
			<param name="icon" value="$INFO[Skin.String(embycon7.icon)]"/>
			<param name="visible" value="String.IsEqual(Skin.String(home_menu_pos_$PARAM[nr]),embycon7) + $EXP[MenuEmbyCon7Visiblity]"/>
		</include>
		<include content="EmbyConNodeMainMenuItemTemplate">
			<param name="nr" value="8"/>
			<param name="icon" value="$INFO[Skin.String(embycon8.icon)]"/>
			<param name="visible" value="String.IsEqual(Skin.String(home_menu_pos_$PARAM[nr]),embycon0) + $EXP[MenuEmbyCon8Visiblity]"/>
		</include>
		<include content="EmbyConNodeMainMenuItemTemplate">
			<param name="nr" value="9"/>
			<param name="icon" value="$INFO[Skin.String(embycon9.icon)]"/>
			<param name="visible" value="String.IsEqual(Skin.String(home_menu_pos_$PARAM[nr]),embycon0) + $EXP[MenuEmbyCon9Visiblity]"/>
		</include>
		<!-- pvr -->
		<include content="MainMenuItemTemplate">
			<param name="id" value="53"/>
			<param name="label" value="$VAR[PVRLabel]"/>
			<param name="icon" value="$INFO[Skin.String(pvr.icon)]"/>
			<param name="onclick" value="ActivateWindow(1124,return)"/>
			<param name="visible" value="String.IsEqual(Skin.String(home_menu_pos_$PARAM[nr]),pvr) + $EXP[MenuPVRVisiblity]"/>
		</include>
		<!-- music -->
		<include content="MainMenuItemTemplate">
			<param name="id" value="54"/>
			<param name="label" value="$INFO[Skin.String(home_menu_pos_$PARAM[nr].label)]"/>
			<param name="icon" value="$INFO[Skin.String(music.icon)]"/>
			<param name="onclick" value="ActivateWindow(1122,return)"/>
			<param name="visible" value="String.IsEqual(Skin.String(home_menu_pos_$PARAM[nr]),music) + $EXP[MenuMusicVisiblity]"/>
		</include>
		<!-- music videos -->
		<include content="MainMenuItemTemplate">
			<param name="id" value="57"/>
			<param name="label" value="$INFO[Skin.String(home_menu_pos_$PARAM[nr].label)]"/>
			<param name="icon" value="$INFO[Skin.String(musicvideos.icon)]"/>
			<param name="onclick" value="ActivateWindow(videos,videodb://musicvideos/titles/,return)"/>
			<param name="visible" value="String.IsEqual(Skin.String(home_menu_pos_$PARAM[nr]),musicvideos) + $EXP[MenuMusicvideosVisiblity]"/>
		</include>
		<!-- addons -->
		<include content="MainMenuItemTemplate">
			<param name="id" value="55"/>
			<param name="label" value="$INFO[Skin.String(home_menu_pos_$PARAM[nr].label)]"/>
			<param name="icon" value="$INFO[Skin.String(addons.icon)]"/>
			<param name="onclick" value="ActivateWindow(1123,return)"/>
			<param name="visible" value="String.IsEqual(Skin.String(home_menu_pos_$PARAM[nr]),addons)"/>
		</include>
		<!-- custom entries -->
		<include content="CustomMainMenuItemTemplate">
			<param name="nr" value="1"/>
			<param name="icon" value="$INFO[Skin.String(custom1.icon)]"/>
			<param name="visible" value="String.IsEqual(Skin.String(home_menu_pos_$PARAM[nr]),custom1)"/>
		</include>
		<include content="CustomMainMenuItemTemplate">
			<param name="nr" value="2"/>
			<param name="icon" value="$INFO[Skin.String(custom2.icon)]"/>
			<param name="visible" value="String.IsEqual(Skin.String(home_menu_pos_$PARAM[nr]),custom2)"/>
		</include>
		<include content="CustomMainMenuItemTemplate">
			<param name="nr" value="3"/>
			<param name="icon" value="$INFO[Skin.String(custom3.icon)]"/>
			<param name="visible" value="String.IsEqual(Skin.String(home_menu_pos_$PARAM[nr]),custom3)"/>
		</include>
		<include content="CustomMainMenuItemTemplate">
			<param name="nr" value="4"/>
			<param name="icon" value="$INFO[Skin.String(custom4.icon)]"/>
			<param name="visible" value="String.IsEqual(Skin.String(home_menu_pos_$PARAM[nr]),custom4)"/>
		</include>
		<include content="CustomMainMenuItemTemplate">
			<param name="nr" value="5"/>
			<param name="icon" value="$INFO[Skin.String(custom5.icon)]"/>
			<param name="visible" value="String.IsEqual(Skin.String(home_menu_pos_$PARAM[nr]),custom5)"/>
		</include>
		<include content="CustomMainMenuItemTemplate">
			<param name="nr" value="6"/>
			<param name="icon" value="$INFO[Skin.String(custom6.icon)]"/>
			<param name="visible" value="String.IsEqual(Skin.String(home_menu_pos_$PARAM[nr]),custom6)"/>
		</include>
	</include>

	<include name="MainMenuContent">
		<content>
			<!-- divider -->
			<include content="MainMenuPosition">
				<param name="nr" value="1"/>
			</include>
			<include content="MainMenuPosition">
				<param name="nr" value="2"/>
			</include>
			<include content="MainMenuPosition">
				<param name="nr" value="3"/>
			</include>
			<include content="MainMenuPosition">
				<param name="nr" value="4"/>
			</include>
			<include content="MainMenuPosition">
				<param name="nr" value="5"/>
			</include>
			<include content="MainMenuPosition">
				<param name="nr" value="6"/>
			</include>
			<include content="MainMenuPosition">
				<param name="nr" value="7"/>
			</include>
			<include content="MainMenuPosition">
				<param name="nr" value="8"/>
			</include>
			<include content="MainMenuPosition">
				<param name="nr" value="9"/>
			</include>
			<include content="MainMenuPosition">
				<param name="nr" value="10"/>
			</include>
			<include content="MainMenuPosition">
				<param name="nr" value="11"/>
			</include>
			<include content="MainMenuPosition">
				<param name="nr" value="12"/>
			</include>
			<include content="MainMenuPosition">
				<param name="nr" value="13"/>
			</include>
			<include content="MainMenuPosition">
				<param name="nr" value="14"/>
			</include>
			<include content="MainMenuPosition">
				<param name="nr" value="15"/>
			</include>
			<include content="MainMenuPosition">
				<param name="nr" value="16"/>
			</include>
			<include content="MainMenuPosition">
				<param name="nr" value="17"/>
			</include>
			<include content="MainMenuPosition">
				<param name="nr" value="18"/>
			</include>
			<include content="MainMenuPosition">
				<param name="nr" value="19"/>
			</include>
			<include content="MainMenuPosition">
				<param name="nr" value="20"/>
			</include>
			<include content="MainMenuPosition">
				<param name="nr" value="21"/>
			</include>
			<include content="MainMenuPosition">
				<param name="nr" value="22"/>
			</include>
			<include content="MainMenuPosition">
				<param name="nr" value="23"/>
			</include>
			<include content="MainMenuPosition">
				<param name="nr" value="24"/>
			</include>
			<include content="MainMenuPosition">
				<param name="nr" value="25"/>
			</include>
			<include content="MainMenuPosition">
				<param name="nr" value="26"/>
			</include>
			<include content="MainMenuPosition">
				<param name="nr" value="27"/>
			</include>
			<include content="MainMenuPosition">
				<param name="nr" value="28"/>
			</include>
			<include content="MainMenuPosition">
				<param name="nr" value="29"/>
			</include>
			<include content="MainMenuPosition">
				<param name="nr" value="30"/>
			</include>
			<include content="MainMenuPosition">
				<param name="nr" value="31"/>
			</include>
			<include content="MainMenuPosition">
				<param name="nr" value="32"/>
			</include>
			<!-- disc -->
			<item>
				<label>$LOCALIZE[341]</label>
				<onclick>PlayDisc</onclick>
				<visible>System.HasMediaDVD</visible>
			</item>
			<!-- fallback -->
			<item>
				<label>$LOCALIZE[10507]</label>
				<onclick>ActivateWindow(1110)</onclick>
				<visible>$EXP[MenuCheck]</visible>
			</item>
		</content>
	</include>

	<!-- Required hidden lists -->
	<include name="CustomHiddenHomeListTemplate">
		<control type="list" id="4$PARAM[nr]">
			<include>HiddenObject</include>
			<itemlayout/>
			<focusedlayout/>
			<content limit="4" sortby="random">$INFO[Skin.String(UserHomeHub$PARAM[nr]_path)]</content>
			<visible>Skin.HasSetting(UserHomeHub$PARAM[nr])</visible>
		</control>
	</include>
	<include name="EmbyHiddenHomeListTemplate">
		<control type="list" id="3$PARAM[nr]">
			<include>HiddenObject</include>
			<itemlayout/>
			<focusedlayout/>
			<content limit="4" sortby="random">$INFO[Window(home).Property(emby.nodes.$PARAM[nr].content)]</content>
			<visible>System.HasAddon(plugin.video.emby)</visible>
		</control>
	</include>
	<include name="LibraryHomeListTemplate">
		<control type="list" id="$PARAM[id]">
			<include>HiddenObject</include>
			<itemlayout/>
			<focusedlayout/>
			<content limit="4" sortby="random">$PARAM[content]</content>
		</control>
	</include>
	<include name="HiddenHomeLists">
		<!-- Custom Home Menu Paths -->
		<include content="CustomHiddenHomeListTemplate">
			<param name="nr" value="1"/>
		</include>
		<include content="CustomHiddenHomeListTemplate">
			<param name="nr" value="2"/>
		</include>
		<include content="CustomHiddenHomeListTemplate">
			<param name="nr" value="3"/>
		</include>
		<include content="CustomHiddenHomeListTemplate">
			<param name="nr" value="4"/>
		</include>
		<include content="CustomHiddenHomeListTemplate">
			<param name="nr" value="5"/>
		</include>
		<include content="CustomHiddenHomeListTemplate">
			<param name="nr" value="6"/>
		</include>
		<!-- Library -->
		<include condition="Library.HasContent(movies)" content="LibraryHomeListTemplate">
			<param name="id" value="51"/>
			<param name="content" value="videodb://movies/titles/"/>
		</include>
		<include condition="Library.HasContent(tvshows)" content="LibraryHomeListTemplate">
			<param name="id" value="52"/>
			<param name="content" value="videodb://tvshows/titles/"/>
		</include>
		<include content="LibraryHomeListTemplate">
			<param name="id" value="53"/>
			<param name="content" value="pvr://channels/tv/*"/>
		</include>
		<include content="LibraryHomeListTemplate">
			<param name="id" value="54"/>
			<param name="content" value="musicdb://albums/"/>
		</include>
		<include content="LibraryHomeListTemplate">
			<param name="id" value="55"/>
			<param name="content" value="addons://user/all"/>
		</include>
		<include content="LibraryHomeListTemplate">
			<param name="id" value="57"/>
			<param name="content" value="videodb://musicvideos/titles/"/>
		</include>
	</include>
</includes>