<?xml version="1.0" encoding="UTF-8"?>
<includes>
	<!-- HeaderBar -->
	<include name="HeaderBar">
		<param name="id">10</param>
		<param name="enabled">true</param>
		<param name="custom_animation">false</param>
		<param name="header_label">$VAR[ContainerContentPrefix]$VAR[ContainerContent]$VAR[ContainerCountLabel, (,)]</param>
		<param name="content">HeaderDefault</param>
		<definition>
			<control type="group">
				<animation effect="slide" start="0,0" end="0,-58"  time="200" condition="!ControlGroup(6666).HasFocus + [[Container($PARAM[id]).HasPrevious + $PARAM[enabled]] | [$PARAM[custom_animation]]]" tween="linear" easing="inout">Conditional</animation>
				<control type="image">
					<top>0</top>
					<left>0</left>
					<right>0</right>
					<height>58</height>
					<texture colordiffuse="headerbar">common/white.jpg</texture>
					<aspectratio>stretch</aspectratio>
				</control>
				<control type="image">
					<top>58</top>
					<left>0</left>
					<right>0</right>
					<height>4</height>
					<texture>common/shadow.png</texture>
					<aspectratio>stretch</aspectratio>
				</control>
				<control type="grouplist">
					<left>10</left>
					<height>58</height>
					<width>1920</width>
					<top>0</top>
					<orientation>horizontal</orientation>
					<itemgap>10</itemgap>
					<control type="label">
						<font>Material24</font>
						<label></label>
						<include content="HeaderButton">
							<param name="align" value="false"/>
						</include>
						<visible>!Window.IsVisible(loginscreen) + !Window.IsVisible(home)</visible>
					</control>
					<control type="label">
						<font>Material24</font>
						<label></label>
						<include content="HeaderButton">
							<param name="align" value="false"/>
						</include>
						<visible>!Window.IsVisible(loginscreen)</visible>
					</control>
					<control type="image">
						<animation effect="slide" end="0,19" time="0" condition="true">Conditional</animation>
						<height>20</height>
						<width>20</width>
						<texture colordiffuse="emby_secondary">common/embuary_sign.png</texture>
						<aspectratio aligny="center">keep</aspectratio>
						<visible>[Window.IsVisible(home) | Window.IsVisible(loginscreen)] + !Window.IsVisible(script-globalsearch-main.xml) + !Window.IsVisible(favourites) + !$EXP[InfoDialogActive]</visible>
					</control>
					<control type="label">
						<animation effect="slide" end="-5,20" time="0" condition="true">Conditional</animation>
						<height>17</height>
						<width>auto</width>
						<label>$VAR[HeaderCustomDeviceName]</label>
						<font>med17</font>
						<textcolor>text_white</textcolor>
												<aligny>center</aligny>
						<aspectratio>keep</aspectratio>
						<visible>[Window.IsVisible(home) | Window.IsVisible(loginscreen)] + !Window.IsVisible(script-globalsearch-main.xml) + !Window.IsVisible(favourites) + !$EXP[InfoDialogActive]</visible>
					</control>
					<control type="label">
						<label>$PARAM[header_label]</label>
						<include>HeaderButton</include>
					</control>
				</control>
				<control type="grouplist" id="6666">
					<visible>!Window.IsVisible(loginscreen)</visible>
					<centerleft>50%</centerleft>
					<height>58</height>
					<width>1300</width>
					<top>0</top>
					<align>center</align>
					<orientation>horizontal</orientation>
					<itemgap>35</itemgap>
					<ondown>SetFocus($PARAM[id])</ondown>
					<onleft>900</onleft>
					<onright>noop</onright>
					<include>$PARAM[content]</include>
				</control>
				<control type="grouplist">
					<top>0</top>
					<height>58</height>
					<width>400</width>
					<right>12</right>
					<orientation>horizontal</orientation>
					<itemgap>10</itemgap>
					<align>right</align>
					<control type="label">
						<font>Material24</font>
						<label></label>
						<include content="HeaderButton">
							<param name="align" value="false"/>
						</include>
						<visible>Player.HasMedia + !Player.Paused + $EXP[HolidayThemeSound]</visible>
					</control>
					<control type="label">
						<font>Material24</font>
						<label></label>
						<include content="HeaderButton">
							<param name="align" value="false"/>
						</include>
						<visible>Player.HasMedia + Player.Paused + $EXP[HolidayThemeSound]</visible>
					</control>
					<control type="label">
						<visible>Player.HasMedia + $EXP[HolidayThemeSound]</visible>
						<width>0</width>
					</control>
					<control type="label">
						<font>Material24</font>
						<label></label>
						<include content="HeaderButton">
							<param name="align" value="false"/>
						</include>
						<visible>Player.Muted</visible>
					</control>
					<control type="label">
						<visible>Player.Muted</visible>
						<width>0</width>
					</control>
					<control type="label">
						<include>HeaderButton</include>
						<label>$INFO[Weather.Temperature]</label>
						<visible>!Skin.HasSetting(HideHeaderWeather) + !String.IsEmpty(Weather.Temperature) + !String.Contains(Weather.Temperature,$LOCALIZE[503]) + !String.IsEqual(Weather.fanartcode,na) + Weather.IsFetched</visible>
					</control>
					<control type="image">
						<animation effect="slide" end="0,10" time="0" condition="true">Conditional</animation>
						<height>38</height>
						<width>43</width>
						<texture colordiffuse="text_header">$INFO[Weather.fanartcode,resource://resource.images.weathericons.outline-hd/,.png]</texture>
						<aspectratio scalediffuse="false" align="left">stretch</aspectratio>
						<visible>!Skin.HasSetting(HideHeaderWeather) + !String.IsEmpty(Weather.Temperature) + !String.Contains(Weather.Temperature,$LOCALIZE[503]) + !String.IsEqual(Weather.fanartcode,na) + Weather.IsFetched</visible>
					</control>
					<control type="label">
						<include>HeaderButton</include>
						<label>$INFO[System.Time]</label>
					</control>
					<control type="group">
						<visible>!Window.IsVisible(loginscreen)</visible>
						<animation effect="slide" end="0,10" time="0" condition="true">Conditional</animation>
						<height>38</height>
						<width>38</width>
						<control type="image">
							<height>38</height>
							<width>38</width>
							<texture colordiffuse="thumb_background_fallback_secondary">common/avatar_diffuse.png</texture>
						</control>
						<control type="image">
							<height>38</height>
							<width>38</width>
							<texture diffuse="common/avatar_diffuse.png">$VAR[UserAvatar]</texture>
							<aspectratio scalediffuse="false">stretch</aspectratio>
						</control>
					</control>
				</control>
			</control>
			<!-- Currently playing -->
			<control type="group">
				<visible>[Window.IsVisible(home) | Window.IsVisible(1120) | Window.IsVisible(1121) | Window.IsVisible(1122) | Window.IsVisible(1123) | Window.IsVisible(1124) | Window.IsVisible(MyPVRGuide.xml)] + Player.HasMedia + !Window.IsVisible(extendedprogressdialog) + !Window.IsVisible(fullscreeninfo) + !Window.IsVisible(fullscreenvideo) + !Window.IsVisible(visualisation) + !$EXP[InfoDialogActive] + $EXP[HolidayThemeSound]</visible>
				<animation effect="slide" start="0,0" end="0,58"  time="200" condition="!ControlGroup(6666).HasFocus + [[Container($PARAM[id]).HasPrevious + $PARAM[enabled]] | [$PARAM[custom_animation]]]" tween="linear" easing="inout">Conditional</animation>
				<animation effect="slide" start="0,0" end="0,58"  time="200" tween="linear" easing="inout">Hidden</animation>
				<animation effect="slide" start="0,58" end="0,0"  time="200" tween="linear" easing="inout">Visible</animation>
				<control type="image">
					<height>58</height>
					<bottom>0</bottom>
					<left>0</left>
					<right>0</right>
					<texture colordiffuse="footerbar">common/white.jpg</texture>
					<aspectratio>stretch</aspectratio>
				</control>
				<control type="image">
					<bottom>58</bottom>
					<left>0</left>
					<right>0</right>
					<height>4</height>
					<texture flipy="true">common/shadow.png</texture>
					<aspectratio>stretch</aspectratio>
				</control>
				<control type="grouplist">
					<left>12</left>
					<height>58</height>
					<width>1920</width>
					<bottom>0</bottom>
					<orientation>horizontal</orientation>
					<itemgap>10</itemgap>
					<control type="image">
						<animation effect="slide" end="0,10" time="0" condition="true">Conditional</animation>
						<height>38</height>
						<width>28</width>
						<texture>$VAR[PlayerIcon]</texture>
						<aspectratio>keep</aspectratio>
						<visible>!String.IsEmpty(Player.Art(tvshow.poster)) | !String.IsEmpty(Player.Art(poster))</visible>
					</control>
					<control type="image">
						<animation effect="slide" end="0,10" time="0" condition="true">Conditional</animation>
						<height>38</height>
						<width>58</width>
						<texture>$VAR[PlayerIcon]</texture>
						<aspectratio>keep</aspectratio>
						<visible>String.IsEmpty(Player.Art(tvshow.poster)) + String.IsEmpty(Player.Art(poster))</visible>
					</control>
					<control type="label">
						<align>right</align>
						<include>HeaderButton</include>
						<label>$VAR[PlayerFullLabel]</label>
						<visible>Player.HasMedia</visible>
					</control>
				</control>
				<control type="grouplist">
					<bottom>0</bottom>
					<height>58</height>
					<width>400</width>
					<right>13</right>
					<orientation>horizontal</orientation>
					<itemgap>10</itemgap>
					<align>right</align>
					<control type="label">
						<include>HeaderButton</include>
						<label>$VAR[PlayerTimeLabels]</label>
					</control>
				</control>
				<control type="progress">
					<bottom>56</bottom>
					<left>0</left>
					<right>0</right>
					<height>2</height>
					<reveal>true</reveal>
					<info>Player.Progress</info>
					<texturebg colordiffuse="grey">common/white.jpg</texturebg>
					<lefttexture>-</lefttexture>
					<midtexture colordiffuse="emby_secondary">common/white.jpg</midtexture>
					<righttexture>-</righttexture>
					<overlaytexture>-</overlaytexture>
					<visible>Player.HasMedia</visible>
				</control>
			</control>
		</definition>
	</include>
	<!-- Defaults -->
	<include name="HeaderDefault">
		<control type="button" id="6600">
			<include>HeaderButton</include>
			<label>$LOCALIZE[31000]</label>
			<onclick>Dialog.Close(all,true)</onclick>
			<onclick>ActivateWindow(home)</onclick>
		</control>
		<control type="button" id="6602">
			<include>HeaderButton</include>
			<label>$LOCALIZE[31180]</label>
			<onclick>ActivateWindow(videos,library://video/movies/titles.xml/,return)</onclick>
			<visible>[String.IsEqual(Container.FolderPath,library://video/movies/) | Container.Content(sets) | String.StartsWith(Container.FolderPath,videodb://movies/sets) | [String.IsEqual(Container(102).ListItem.DBType,movie) + !String.StartsWith(Container(102).ListItem.FolderPath,plugin) + Window.IsVisible(1114)]] + Library.HasContent(Movies) + !Window.IsVisible(favourites) + !$EXP[InfoDialogActive]</visible>
		</control>
		<control type="button" id="6614">
			<include>HeaderButton</include>
			<label>$LOCALIZE[31179]</label>
			<onclick>ActivateWindow(videos,library://video/tvshows/titles.xml/,return)</onclick>
			<visible>[String.IsEqual(Container.FolderPath,library://video/tvshows/) | [String.IsEqual(Container(102).LIstItem.DBType,tvshow) + !String.StartsWith(Container(102).ListItem.FolderPath,plugin) + Window.IsVisible(1114)] | Window.IsVisible(script-NextAired-TVGuide.xml)] + Library.HasContent(tvshows) + !Window.IsVisible(favourites) + !$EXP[InfoDialogActive]</visible>
		</control>
		<control type="button" id="6603">
			<include>HeaderButton</include>
			<label>$LOCALIZE[31169]</label>
			<onclick condition="!Window.IsActive(videos)">ActivateWindow(videos,videodb://movies/sets,return)</onclick>
			<onclick condition="Window.IsActive(videos)">Container.Update(videodb://movies/sets)</onclick>
			<visible>Library.HasContent(MovieSets) + !Container.Content(sets) + !Window.IsVisible(favourites) + !$EXP[InfoDialogActive] + !$EXP[EmbyConSource] + [String.IsEqual(Container.FolderPath,library://video/movies/) | String.StartsWith(Container.FolderPath,videodb://movies/titles) | String.StartsWith(Container.FolderPath,videodb://movies/sets) | [String.IsEqual(Container(102).LIstItem.DBType,movie) + !String.StartsWith(Container(102).ListItem.FolderPath,plugin) + Window.IsVisible(1114)]]</visible>
		</control>
		<control type="button" id="6613">
			<include>HeaderButton</include>
			<label>$LOCALIZE[135]</label>
			<onclick condition="String.IsEqual(Container.FolderPath,library://video/movies/) | Container.Content(movies) | Container.Content(sets)">SetProperty(ListGenres,videodb://movies/genres,home)</onclick>
			<onclick condition="String.IsEqual(Container.FolderPath,library://video/tvshows/) | Container.Content(tvshows) | Window.IsVisible(script-NextAired-TVGuide.xml)">SetProperty(ListGenres,videodb://tvshows/genres,home)</onclick>
			<onclick>ActivateWindow(1114)</onclick>
			<visible>[String.IsEqual(Container.FolderPath,library://video/movies/) | String.IsEqual(Container.FolderPath,library://video/tvshows/) | Container.Content(movies) | Container.Content(tvshows) | Container.Content(sets) | Window.IsVisible(script-NextAired-TVGuide.xml)] + !Window.IsVisible(1114) + !Window.IsVisible(favourites) + !$EXP[InfoDialogActive] + !$EXP[EmbyConSource]</visible>
		</control>
		<control type="button" id="6615">
			<include>HeaderButton</include>
			<label>$LOCALIZE[31154]</label>
			<onclick>RunScript(script.tv.show.next.aired)</onclick>
			<visible>System.HasAddon(script.tv.show.next.aired) + !$EXP[InfoDialogActive] + !$EXP[EmbyConSource] + [String.IsEqual(Container.FolderPath,library://video/tvshows/) | Container.Content(tvshows) | [String.IsEqual(Container(102).LIstItem.DBType,tvshow) + !String.StartsWith(Container(102).ListItem.FolderPath,plugin) + Window.IsVisible(1114)]]</visible>
		</control>
		<control type="button" id="6616">
			<include>HeaderButton</include>
			<label>$LOCALIZE[133]</label>
			<onclick>ActivateWindow(music,musicdb://artists/,return)</onclick>
			<visible>!String.IsEqual(Container.FolderPath,musicdb://artists) + Window.IsVisible(mymusicnav.xml) + Library.HasContent(music) + String.IsEmpty(Container.PluginName) + !$EXP[InfoDialogActive]</visible>
		</control>
		<control type="button" id="6617">
			<include>HeaderButton</include>
			<label>$LOCALIZE[132]</label>
			<onclick>ActivateWindow(music,musicdb://albums/,return)</onclick>
			<visible>!String.IsEqual(Container.FolderPath,musicdb://albums/) + Window.IsVisible(mymusicnav.xml) + Library.HasContent(music) + String.IsEmpty(Container.PluginName) + !$EXP[InfoDialogActive]</visible>
		</control>
		<control type="button" id="6618">
			<include>HeaderButton</include>
			<label>$LOCALIZE[134]</label>
			<onclick>ActivateWindow(music,musicdb://songs/,return)</onclick>
			<visible>!String.IsEqual(Container.FolderPath,musicdb://songs/) + Window.IsVisible(mymusicnav.xml) + Library.HasContent(music) + String.IsEmpty(Container.PluginName) + !$EXP[InfoDialogActive]</visible>
		</control>
		<control type="button" id="6619">
			<include>HeaderButton</include>
			<label>$LOCALIZE[136]</label>
			<onclick>ActivateWindow(music,special://musicplaylists/,return)</onclick>
			<visible>!String.IsEqual(Container.FolderPath,special://musicplaylists/) + Window.IsVisible(mymusicnav.xml) + Library.HasContent(music) + String.IsEmpty(Container.PluginName) + !$EXP[InfoDialogActive]</visible>
		</control>
		<control type="button" id="6601">
			<include>HeaderButton</include>
			<label>$LOCALIZE[1036]</label>
			<onclick>ActivateWindow(favourites)</onclick>
			<visible>!Window.IsVisible(favourites)</visible>
		</control>
		<control type="button" id="6604">
			<include>HeaderButton</include>
			<label>$LOCALIZE[137]</label>
			<include>search_action</include>
		</control>
		<control type="button" id="6605">
			<include>HeaderButton</include>
			<label>$INFO[Control.GetLabel(28)]</label>
			<onclick>SendClick(28)</onclick>
			<visible>[Window.IsVisible(MyPVRTimers.xml) | Window.IsVisible(MyPVRSearch.xml)] + !$EXP[InfoDialogActive]</visible>
		</control>
		<control type="button" id="6606">
			<include>HeaderButton</include>
			<label>$LOCALIZE[19141]: $INFO[Control.GetLabel(29)]</label>
			<onclick>SendClick(28)</onclick>
			<visible>[Window.IsVisible(MyPVRChannels.xml)] + !$EXP[InfoDialogActive]</visible>
		</control>
		<control type="button" id="6607">
			<include>HeaderButton</include>
			<width>auto</width>
			<textcolor>panel_text</textcolor>
			<focusedcolor>emby</focusedcolor>
			<label>$LOCALIZE[19141]: $INFO[Control.GetLabel(30)]</label>
			<onclick>SendClick(28)</onclick>
			<visible>[Window.IsVisible(MyPVRGuide.xml)] + !$EXP[InfoDialogActive]</visible>
		</control>
		<control type="button" id="6608">
			<include>HeaderButton</include>
			<width>auto</width>
			<textcolor>panel_text</textcolor>
			<focusedcolor>emby</focusedcolor>
			<label>$LOCALIZE[31111]</label>
			<onclick>SetFocus(4000)</onclick>
			<visible>Window.IsVisible(weather) + !Skin.HasSetting(KioskMode)</visible>
		</control>
		<control type="button" id="6609">
			<font>Material24</font>
			<label></label>
			<include content="HeaderButton">
				<param name="align" value="false"/>
			</include>
			<onclick>SetFocus(4000)</onclick>
			<visible>[Window.IsVisible(videos) | Window.IsVisible(music) | Window.IsVisible(MyPVRChannels.xml) | Window.IsVisible(MyPVRrecordings.xml) | Window.IsVisible(MyPVRTimers.xml) | Window.IsVisible(MyPVRSearch.xml) | Window.IsVisible(programs) | Window.IsVisible(pictures) | Window.IsVisible(addonbrowser)] + !$EXP[InfoDialogActive] + !Window.IsVisible(1114) + !Skin.HasSetting(KioskMode) + !Window.IsVisible(favourites)</visible>
		</control>
		<control type="button" id="6610">
			<font>Material24</font>
			<label></label>
			<include content="HeaderButton">
				<param name="align" value="false"/>
			</include>
			<onclick>SetFocus(4100)</onclick>
			<visible>[[Container.Content(episodes) + String.StartsWith(Container.FolderPath,plugin://) + !String.StartsWith(Container.FolderPath,plugin://plugin.video.emby) + !String.StartsWith(Container.FolderPath,plugin://plugin.video.plexbmc)] | [[Window.IsVisible(videos) | Window.IsVisible(music) | Window.IsVisible(programs) | Window.IsVisible(MyPVRChannels.xml) | Window.IsVisible(MyPVRrecordings.xml) | Window.IsVisible(addonbrowser) | Window.IsVisible(pictures)] + !$EXP[InfoDialogActive] + !Container.Content(seasons) + !Container.Content(episodes)] + !String.Contains(Container.FolderPath,setid) + !Window.IsVisible(1114)] + !Skin.HasSetting(KioskMode) + !Window.IsVisible(favourites)</visible>
		</control>
		<control type="button" id="6611">
			<font>Material22</font>
			<label></label>
			<include content="HeaderButton">
				<param name="align" value="false"/>
			</include>
			<onclick>ActivateWindow(playercontrols)</onclick>
			<visible>Player.HasMedia + !String.StartsWith(Player.Filenameandpath,special://skin/extras) + String.IsEmpty(Window(home).Property(SkinExtraSound))</visible>
		</control>
		<control type="button" id="6612">
			<font>Material24</font>
			<label></label>
			<include content="HeaderButton">
				<param name="align" value="false"/>
			</include>
			<onclick condition="Integer.IsGreater(Playlist.Length(video),1) + Integer.IsGreater(Playlist.Length(music),1)">ActivateWindow(1145)</onclick>
			<onclick condition="Integer.IsGreater(Playlist.Length(video),1) + !Integer.IsGreater(Playlist.Length(music),1)">ActivateWindow(videoplaylist)</onclick>
			<onclick condition="!Integer.IsGreater(Playlist.Length(video),1) + Integer.IsGreater(Playlist.Length(music),1)">ActivateWindow(musicplaylist)</onclick>
			<visible>[[!VideoPlayer.Content(livetv) + Integer.IsGreater(Playlist.Length(video),1)] | Integer.IsGreater(Playlist.Length(music),1)] + !String.StartsWith(Player.Filenameandpath,special://skin/extras) + String.IsEmpty(Window(home).Property(SkinExtraSound))</visible>
		</control>
		<control type="button" id="6620">
			<font>Material24</font>
			<label></label>
			<include content="HeaderButton">
				<param name="align" value="false"/>
			</include>
			<onclick condition="Player.HasVideo">ActivateWindow(fullscreenvideo)</onclick>
			<onclick condition="Player.HasAudio">ActivateWindow(visualisation)</onclick>
			<visible>Player.HasMedia + !String.StartsWith(Player.Filenameandpath,special://skin/extras) + String.IsEmpty(Window(home).Property(SkinExtraSound))</visible>
		</control>
	</include>
</includes>