<?xml version="1.0" encoding="UTF-8"?>
<includes>
	<!-- Common Button -->
	<include name="CommonButton">
		<param name="height">50</param>
		<param name="width">100%</param>
		<definition>
			<width>$PARAM[width]</width>
			<height>$PARAM[height]</height>
			<align>left</align>
			<aligny>center</aligny>
			<textoffsetx>20</textoffsetx>
			<font>med22</font>
			<textcolor>text_white</textcolor>
			<shadowcolor>text_shadow</shadowcolor>
			<disabledcolor>grey</disabledcolor>
			<include>radio20_style</include>
			<texturefocus border="10" colordiffuse="panel_hover">common/menu_back.png</texturefocus>
			<texturenofocus border="10"  colordiffuse="panel">common/menu_back.png</texturenofocus>
			<alttexturefocus border="10"  colordiffuse="panel_hover">common/menu_back.png</alttexturefocus>
			<alttexturenofocus border="10"  colordiffuse="panel">common/menu_back.png</alttexturenofocus>
		</definition>
	</include>
	<!-- Settings Button -->
	<include name="radio35_style">
		<radiowidth>55</radiowidth>
		<radioheight>35</radioheight>
		<textureradioonfocus colordiffuse="emby_secondary">icons/misc/radio_on_fo.png</textureradioonfocus>
		<textureradioonnofocus colordiffuse="emby_secondary">icons/misc/radio_on.png</textureradioonnofocus>
		<textureradioofffocus colordiffuse="softgrey">icons/misc/radio_off_fo.png</textureradioofffocus>
		<textureradiooffnofocus colordiffuse="softgrey">icons/misc/radio_off.png</textureradiooffnofocus>
		<textureradioondisabled colordiffuse="disabled">icons/misc/radio_off.png</textureradioondisabled>
		<textureradiooffdisabled colordiffuse="disabled">icons/misc/radio_off.png</textureradiooffdisabled>
	</include>
	<include name="radio20_style">
		<radiowidth>40</radiowidth>
		<radioheight>35</radioheight>
		<textureradioonfocus colordiffuse="emby_secondary">icons/misc/radio20_on_fo.png</textureradioonfocus>
		<textureradioonnofocus colordiffuse="emby_secondary">icons/misc/radio20_on.png</textureradioonnofocus>
		<textureradioofffocus colordiffuse="softgrey">icons/misc/radio20_off_fo.png</textureradioofffocus>
		<textureradiooffnofocus colordiffuse="softgrey">icons/misc/radio20_off.png</textureradiooffnofocus>
		<textureradioondisabled colordiffuse="disabled">icons/misc/radio20_off.png</textureradioondisabled>
		<textureradiooffdisabled colordiffuse="disabled">icons/misc/radio20_off.png</textureradiooffdisabled>
	</include>
	<include name="SettingsButton">
		<param name="height">50</param>
		<param name="width">100%</param>
		<param name="textoffsetx">20</param>
		<definition>
			<include>radio$PARAM[textoffsetx]_style</include>
			<textoffsetx>$PARAM[textoffsetx]</textoffsetx>
			<width>$PARAM[width]</width>
			<height>$PARAM[height]</height>
			<aligny>center</aligny>
			<align>left</align>
			<font>reg22</font>
			<invalidcolor>invalid</invalidcolor>
			<selectedcolor>selected</selectedcolor>
			<textcolor>text_white</textcolor>
			<focusedcolor>text_white</focusedcolor>
			<disabledcolor>grey</disabledcolor>
			<texturefocus colordiffuse="list_hover">common/white.jpg</texturefocus>
			<texturenofocus colordiffuse="thumb_background">common/white.jpg</texturenofocus>
		</definition>
	</include>
	<include name="DialogSettingsButton">
		<param name="height">50</param>
		<param name="width">100%</param>
		<param name="textoffsetx">20</param>
		<definition>
			<include>radio$PARAM[textoffsetx]_style</include>
			<textoffsetx>$PARAM[textoffsetx]</textoffsetx>
			<width>$PARAM[width]</width>
			<height>$PARAM[height]</height>
			<aligny>center</aligny>
			<align>left</align>
			<font>reg22</font>
			<invalidcolor>invalid</invalidcolor>
			<selectedcolor>selected</selectedcolor>
			<textcolor>text_white</textcolor>
			<focusedcolor>text_white</focusedcolor>
			<disabledcolor>grey</disabledcolor>
			<texturefocus colordiffuse="list_hover">common/white.jpg</texturefocus>
			<texturenofocus />
		</definition>
	</include>
	<!-- Skin settings headline -->
	<include name="SkinSettingsHeadlineLabel">
		<param name="visible">true</param>
		<definition>
			<control type="label" id="$PARAM[id]">
				<height>70</height>
				<font>med22</font>
				<textcolor>panel_text</textcolor>
				<aligny>center</aligny>
				<label>$PARAM[label]</label>
				<animation effect="slide" end="0,10" time="0" condition="true">Conditional</animation>
				<visible>$PARAM[visible]</visible>
			</control>
		</definition>
	</include>
	<!-- Empty Keyboard Buttons -->
	<include name="EmptyKeyboardButtons">
		<control type="image">
			<width>68</width>
			<height>68</height>
			<align>center</align>
			<aligny>center</aligny>
			<texture border="10" colordiffuse="dark_button">dialogs/keyboard/keyboard_button_mask.png</texture>
			<animation effect="fade" end="33" start="0" time="0" condition="!Control.IsVisible($PARAM[ID])">Conditional</animation>
		</control>
	</include>
	<!-- Keyboard buttons -->
	<include name="KeyboardButtons">
		<width>68</width>
		<height>68</height>
		<font>med24</font>
		<textoffsetx>15</textoffsetx>
		<textcolor>text_white</textcolor>
		<shadowcolor>text_shadow</shadowcolor>
		<disabledcolor>lightgrey</disabledcolor>
		<focusedcolor>white</focusedcolor>
		<texturenofocus border="10" colordiffuse="dark_button">dialogs/keyboard/keyboard_button_mask.png</texturenofocus>
		<texturefocus border="10" colordiffuse="button_focus">dialogs/keyboard/keyboard_button_mask.png</texturefocus>
	</include>
	<!-- Numeric buttons -->
	<include name="NumericButtons">
		<width>148</width>
		<height>148</height>
		<font>med24</font>
		<textoffsetx>15</textoffsetx>
		<textcolor>text_white</textcolor>
		<shadowcolor>text_shadow</shadowcolor>
		<disabledcolor>lightgrey</disabledcolor>
		<focusedcolor>white</focusedcolor>
		<texturenofocus border="10" colordiffuse="dark_button">dialogs/keyboard/keyboard_button_mask.png</texturenofocus>
		<texturefocus border="10" colordiffuse="button_focus">dialogs/keyboard/keyboard_button_mask.png</texturefocus>
	</include>
	<!-- small meta labels -->
	<include name="MetaLabel">
		<aligny>center</aligny>
		<width>auto</width>
		<height>24</height>
		<font>reg22</font>
		<textcolor>text_white</textcolor>
	</include>
	<!-- flags button -->
	<include name="MetaFlagsButton">
		<width min="50">auto</width>
		<height>48</height>
		<font>reg18</font>
		<textoffsetx>15</textoffsetx>
		<align>center</align>
		<disabledcolor>text_white</disabledcolor>
		<texturefocus border="10" colordiffuse="dark_button">items/button.png</texturefocus>
		<texturenofocus border="10" colordiffuse="dark_button">items/button.png</texturenofocus>
		<enable>false</enable>
	</include>
	<!-- Header Button -->
	<include name="HeaderButton">
		<param name="align">true</param>
		<definition>
			<animation effect="slide" time="0" end="0,-1" condition="$PARAM[align]">Conditional</animation>
			<include>NoTextures</include>
			<height>58</height>
			<width>auto</width>
			<aligny>center</aligny>
			<font>med20</font>
			<textcolor>text_header</textcolor>
			<focusedcolor>emby_secondary</focusedcolor>
			<textoffsetx>0</textoffsetx>
		</definition>
	</include>
	<!-- lightgrey button -->
	<include name="LightGreyButton">
		<param name="align-left">true</param>
		<definition>
			<animation effect="slide" time="0" end="-2,0" condition="$PARAM[align-left]">Conditional</animation>
			<height>56</height>
			<textcolor>text_white</textcolor>
			<focusedcolor>white</focusedcolor>
			<selectedcolor>text_white</selectedcolor>
			<shadowcolor>text_shadow</shadowcolor>
			<aligny>center</aligny>
			<align>center</align>
			<texturefocus border="10" colordiffuse="button_focus">items/button.png</texturefocus>
			<texturenofocus border="10" colordiffuse="light_button">items/button.png</texturenofocus>
			<alttexturefocus border="10" colordiffuse="button_focus">items/button.png</alttexturefocus>
			<alttexturenofocus border="10" colordiffuse="light_button">items/button.png</alttexturenofocus>
			<pulseonselect>no</pulseonselect>
		</definition>
	</include>
	<!-- darkgrey button -->
	<include name="DarkGreyButton">
		<param name="align-left">true</param>
		<definition>
			<animation effect="slide" time="0" end="-2,0" condition="$PARAM[align-left]">Conditional</animation>
			<height>50</height>
			<font>med22</font>
			<textcolor>white</textcolor>
			<focusedcolor>white</focusedcolor>
			<selectedcolor>white</selectedcolor>
			<shadowcolor>text_shadow</shadowcolor>
			<textoffsetx>20</textoffsetx>
			<aligny>center</aligny>
			<align>center</align>
			<texturefocus border="10" colordiffuse="button_focus">items/button.png</texturefocus>
			<texturenofocus border="10" colordiffuse="grey_button">items/button.png</texturenofocus>
			<alttexturefocus border="10" colordiffuse="button_focus">items/button.png</alttexturefocus>
			<alttexturenofocus border="10" colordiffuse="grey_button">items/button.png</alttexturenofocus>
		</definition>
	</include>
	<!-- Player Control Buttons -->
	<include name="PlayerButtons">
		<texturenofocus>icons/player/$PARAM[type]_nf.png</texturenofocus>
		<texturefocus colordiffuse="emby">icons/player/$PARAM[type]_fo.png</texturefocus>
		<alttexturenofocus colordiffuse="emby">icons/player/$PARAM[type]_nf.png</alttexturenofocus>
		<alttexturefocus colordiffuse="emby">icons/player/$PARAM[type]_fo.png</alttexturefocus>
		<width>50</width>
		<height>50</height>
	</include>
</includes>