<?xml version="1.0" encoding="UTF-8"?>
<window id="1110" type="dialog">
	<defaultcontrol always="true">100</defaultcontrol>
	<controls>
		<control type="group">
			<include>FullscreenDimensions</include>
			<control type="image">
				<include>Visible_Fade</include>
				<include>FullscreenDimensions</include>
				<texture colordiffuse="background">common/white.jpg</texture>
			</control>
			<control type="grouplist">
				<visible>!Window.IsVisible(1111)</visible>
				<include>Dialog_PopupOpenClose</include>
				<include>Visible_PopupOpenClose</include>
				<centerleft>50%</centerleft>
				<centertop>50%</centertop>
				<width>800</width>
				<height max="940">auto</height>
				<orientation>vertical</orientation>
				<itemgap>20</itemgap>
				<align>center</align>
				<!-- edit -->
				<control type="group">
					<height>50</height>
					<control type="label">
						<width>100%</width>
						<height>48</height>
						<font>Reg24</font>
						<aligny>center</aligny>
						<textoffsetx>5</textoffsetx>
						<textcolor>text_white</textcolor>
						<label>$LOCALIZE[31201]</label>
					</control>
					<control type="image">
						<width>100%</width>
						<top>45</top>
						<height>2</height>
						<texture colordiffuse="lightgrey">common/white.jpg</texture>
						<aspectratio>stretch</aspectratio>
					</control>
					<control type="image">
						<width>100%</width>
						<top>45</top>
						<height>2</height>
						<texture colordiffuse="emby">common/white.jpg</texture>
						<aspectratio>stretch</aspectratio>
						<include>WindowOpen_GreenBar</include>
					</control>
				</control>
				<!-- list -->
				<control type="group">
					<height>470</height>
					<control type="image">
						<height>470</height>
						<texture colordiffuse="thumb_background">common/white.jpg</texture>
						<aspectratio>stretch</aspectratio>
					</control>
					<control type="list" id="100">
						<centerleft>50%</centerleft>
						<top>10</top>
						<height>450</height>
						<onup>noop</onup>
						<onleft>101</onleft>
						<onright>101</onright>
						<ondown>101</ondown>
						<pagecontrol>60</pagecontrol>
						<scrolltime>200</scrolltime>
						<itemlayout height="75" width="800">
							<control type="image">
								<height>75</height>
								<width>75</width>
								<left>10</left>
								<bordersize>5</bordersize>
								<texture background="true">$INFO[ListItem.Icon]</texture>
								<aspectratio>keep</aspectratio>
							</control>
							<control type="label">
								<right>20</right>
								<left>100</left>
								<height>75</height>
								<aligny>center</aligny>
								<font>Reg24</font>
								<label>$INFO[ListItem.Label]$INFO[ListItem.Label2, [,]]</label>
							</control>
						</itemlayout>
						<focusedlayout height="75" width="800">
							<control type="image">
								<width>100%</width>
								<height>75</height>
								<texture colordiffuse="list_hover">common/white.jpg</texture>
								<visible>Control.HasFocus(100)</visible>
							</control>
							<control type="image">
								<height>75</height>
								<width>75</width>
								<left>10</left>
								<bordersize>5</bordersize>
								<texture background="true">$INFO[ListItem.Icon]</texture>
								<aspectratio>keep</aspectratio>
							</control>
							<control type="label">
								<right>20</right>
								<left>100</left>
								<height>75</height>
								<aligny>center</aligny>
								<font>Reg24</font>
								<label>$INFO[ListItem.Label]$INFO[ListItem.Label2, [,]]</label>
							</control>
						</focusedlayout>
						<content>
							<include content="MainMenuPositionSelector">
								<param name="nr" value="1"/>
							</include>
							<include content="MainMenuPositionSelector">
								<param name="nr" value="2"/>
							</include>
							<include content="MainMenuPositionSelector">
								<param name="nr" value="3"/>
							</include>
							<include content="MainMenuPositionSelector">
								<param name="nr" value="4"/>
							</include>
							<include content="MainMenuPositionSelector">
								<param name="nr" value="5"/>
							</include>
							<include content="MainMenuPositionSelector">
								<param name="nr" value="6"/>
							</include>
							<include content="MainMenuPositionSelector">
								<param name="nr" value="7"/>
							</include>
							<include content="MainMenuPositionSelector">
								<param name="nr" value="8"/>
							</include>
							<include content="MainMenuPositionSelector">
								<param name="nr" value="9"/>
							</include>
							<include content="MainMenuPositionSelector">
								<param name="nr" value="10"/>
							</include>
							<include content="MainMenuPositionSelector">
								<param name="nr" value="11"/>
							</include>
							<include content="MainMenuPositionSelector">
								<param name="nr" value="12"/>
							</include>
							<include content="MainMenuPositionSelector">
								<param name="nr" value="13"/>
							</include>
							<include content="MainMenuPositionSelector">
								<param name="nr" value="14"/>
							</include>
							<include content="MainMenuPositionSelector">
								<param name="nr" value="15"/>
							</include>
							<include content="MainMenuPositionSelector">
								<param name="nr" value="16"/>
							</include>
							<include content="MainMenuPositionSelector">
								<param name="nr" value="17"/>
							</include>
							<include content="MainMenuPositionSelector">
								<param name="nr" value="18"/>
							</include>
							<include content="MainMenuPositionSelector">
								<param name="nr" value="19"/>
							</include>
							<include content="MainMenuPositionSelector">
								<param name="nr" value="20"/>
							</include>
							<include content="MainMenuPositionSelector">
								<param name="nr" value="21"/>
							</include>
							<include content="MainMenuPositionSelector">
								<param name="nr" value="22"/>
							</include>
							<include content="MainMenuPositionSelector">
								<param name="nr" value="23"/>
							</include>
							<include content="MainMenuPositionSelector">
								<param name="nr" value="24"/>
							</include>
							<include content="MainMenuPositionSelector">
								<param name="nr" value="25"/>
							</include>
							<include content="MainMenuPositionSelector">
								<param name="nr" value="26"/>
							</include>
							<include content="MainMenuPositionSelector">
								<param name="nr" value="27"/>
							</include>
							<include content="MainMenuPositionSelector">
								<param name="nr" value="28"/>
							</include>
							<include content="MainMenuPositionSelector">
								<param name="nr" value="29"/>
							</include>
							<include content="MainMenuPositionSelector">
								<param name="nr" value="30"/>
							</include>
							<include content="MainMenuPositionSelector">
								<param name="nr" value="31"/>
							</include>
							<include content="MainMenuPositionSelector">
								<param name="nr" value="32"/>
							</include>
						</content>
					</control>
					<control type="scrollbar" id="60">
						<right>0</right>
						<top>0</top>
						<bottom>0</bottom>
						<width>4</width>
						<orientation>vertical</orientation>
						<showonepage>false</showonepage>
						<texturesliderbackground colordiffuse="00ffffff">common/white.jpg</texturesliderbackground>
						<texturesliderbar colordiffuse="softgrey">common/white.jpg</texturesliderbar>
					</control>
				</control>
				<!-- Button -->
				<control type="grouplist">
					<height>50</height>
					<width>100%</width>
					<orientation>horizontal</orientation>
					<itemgap>5</itemgap>
					<align>center</align>
					<onright>noop</onright>
					<onleft>noop</onleft>
					<control type="button" id="101">
						<include>DarkGreyButton</include>
						<label>$LOCALIZE[15067]</label>
						<onclick>close</onclick>
						<onup>SetFocus(100)</onup>
					</control>
				</control>
			</control>
		</control>
	</controls>
</window>