<?xml version="1.0" encoding="UTF-8"?>
<window id="1112" type="dialog">
	<visible>Window.IsVisible(home) | !String.IsEmpty(Window(home).Property(MainMenuReset))</visible>
	<onload condition="$EXP[MenuCheck] | !String.IsEmpty(Window(home).Property(MainMenuReset))">Skin.SetString(home_menu_pos_1,movies)</onload>
	<onload condition="$EXP[MenuCheck] | !String.IsEmpty(Window(home).Property(MainMenuReset))">Skin.SetString(home_menu_pos_2,shows)</onload>
	<onload condition="$EXP[MenuCheck] | !String.IsEmpty(Window(home).Property(MainMenuReset))">Skin.SetString(home_menu_pos_3,emby0)</onload>
	<onload condition="$EXP[MenuCheck] | !String.IsEmpty(Window(home).Property(MainMenuReset))">Skin.SetString(home_menu_pos_4,emby1)</onload>
	<onload condition="$EXP[MenuCheck] | !String.IsEmpty(Window(home).Property(MainMenuReset))">Skin.SetString(home_menu_pos_5,emby2)</onload>
	<onload condition="$EXP[MenuCheck] | !String.IsEmpty(Window(home).Property(MainMenuReset))">Skin.SetString(home_menu_pos_6,emby3)</onload>
	<onload condition="$EXP[MenuCheck] | !String.IsEmpty(Window(home).Property(MainMenuReset))">Skin.SetString(home_menu_pos_7,emby4)</onload>
	<onload condition="$EXP[MenuCheck] | !String.IsEmpty(Window(home).Property(MainMenuReset))">Skin.SetString(home_menu_pos_8,emby5)</onload>
	<onload condition="$EXP[MenuCheck] | !String.IsEmpty(Window(home).Property(MainMenuReset))">Skin.SetString(home_menu_pos_9,emby6)</onload>
	<onload condition="$EXP[MenuCheck] | !String.IsEmpty(Window(home).Property(MainMenuReset))">Skin.SetString(home_menu_pos_10,emby7)</onload>
	<onload condition="$EXP[MenuCheck] | !String.IsEmpty(Window(home).Property(MainMenuReset))">Skin.SetString(home_menu_pos_11,emby8)</onload>
	<onload condition="$EXP[MenuCheck] | !String.IsEmpty(Window(home).Property(MainMenuReset))">Skin.SetString(home_menu_pos_12,emby9)</onload>
	<onload condition="$EXP[MenuCheck] | !String.IsEmpty(Window(home).Property(MainMenuReset))">Skin.SetString(home_menu_pos_13,embycon0)</onload>
	<onload condition="$EXP[MenuCheck] | !String.IsEmpty(Window(home).Property(MainMenuReset))">Skin.SetString(home_menu_pos_14,embycon1)</onload>
	<onload condition="$EXP[MenuCheck] | !String.IsEmpty(Window(home).Property(MainMenuReset))">Skin.SetString(home_menu_pos_15,embycon2)</onload>
	<onload condition="$EXP[MenuCheck] | !String.IsEmpty(Window(home).Property(MainMenuReset))">Skin.SetString(home_menu_pos_16,embycon3)</onload>
	<onload condition="$EXP[MenuCheck] | !String.IsEmpty(Window(home).Property(MainMenuReset))">Skin.SetString(home_menu_pos_17,embycon4)</onload>
	<onload condition="$EXP[MenuCheck] | !String.IsEmpty(Window(home).Property(MainMenuReset))">Skin.SetString(home_menu_pos_18,embycon5)</onload>
	<onload condition="$EXP[MenuCheck] | !String.IsEmpty(Window(home).Property(MainMenuReset))">Skin.SetString(home_menu_pos_19,embycon6)</onload>
	<onload condition="$EXP[MenuCheck] | !String.IsEmpty(Window(home).Property(MainMenuReset))">Skin.SetString(home_menu_pos_20,embycon7)</onload>
	<onload condition="$EXP[MenuCheck] | !String.IsEmpty(Window(home).Property(MainMenuReset))">Skin.SetString(home_menu_pos_21,embycon8)</onload>
	<onload condition="$EXP[MenuCheck] | !String.IsEmpty(Window(home).Property(MainMenuReset))">Skin.SetString(home_menu_pos_22,embycon9)</onload>
	<onload condition="$EXP[MenuCheck] | !String.IsEmpty(Window(home).Property(MainMenuReset))">Skin.SetString(home_menu_pos_23,pvr)</onload>
	<onload condition="$EXP[MenuCheck] | !String.IsEmpty(Window(home).Property(MainMenuReset))">Skin.SetString(home_menu_pos_24,music)</onload>
	<onload condition="$EXP[MenuCheck] | !String.IsEmpty(Window(home).Property(MainMenuReset))">Skin.SetString(home_menu_pos_25,musicvideos)</onload>
	<onload condition="$EXP[MenuCheck] | !String.IsEmpty(Window(home).Property(MainMenuReset))">Skin.SetString(home_menu_pos_26,addons)</onload>
	<onload condition="$EXP[MenuCheck] | !String.IsEmpty(Window(home).Property(MainMenuReset))">Skin.SetString(home_menu_pos_27,custom1)</onload>
	<onload condition="$EXP[MenuCheck] | !String.IsEmpty(Window(home).Property(MainMenuReset))">Skin.SetString(home_menu_pos_28,custom2)</onload>
	<onload condition="$EXP[MenuCheck] | !String.IsEmpty(Window(home).Property(MainMenuReset))">Skin.SetString(home_menu_pos_29,custom3)</onload>
	<onload condition="$EXP[MenuCheck] | !String.IsEmpty(Window(home).Property(MainMenuReset))">Skin.SetString(home_menu_pos_30,custom4)</onload>
	<onload condition="$EXP[MenuCheck] | !String.IsEmpty(Window(home).Property(MainMenuReset))">Skin.SetString(home_menu_pos_31,custom5)</onload>
	<onload condition="$EXP[MenuCheck] | !String.IsEmpty(Window(home).Property(MainMenuReset))">Skin.SetString(home_menu_pos_32,custom6)</onload>
	<onload condition="$EXP[MenuCheck] | !String.IsEmpty(Window(home).Property(MainMenuReset))">Skin.SetString(home_menu_pos_1.label,$LOCALIZE[31180])</onload>
	<onload condition="$EXP[MenuCheck] | !String.IsEmpty(Window(home).Property(MainMenuReset))">Skin.SetString(home_menu_pos_2.label,$LOCALIZE[31179])</onload>
	<onload condition="$EXP[MenuCheck] | !String.IsEmpty(Window(home).Property(MainMenuReset))">Skin.SetString(home_menu_pos_3.label,$INFO[Window(home).Property(emby.nodes.0.title),,   ][COLOR lightgrey]($LOCALIZE[31181])[/COLOR])</onload>
	<onload condition="$EXP[MenuCheck] | !String.IsEmpty(Window(home).Property(MainMenuReset))">Skin.SetString(home_menu_pos_4.label,$INFO[Window(home).Property(emby.nodes.1.title),,   ][COLOR lightgrey]($LOCALIZE[31181])[/COLOR])</onload>
	<onload condition="$EXP[MenuCheck] | !String.IsEmpty(Window(home).Property(MainMenuReset))">Skin.SetString(home_menu_pos_5.label,$INFO[Window(home).Property(emby.nodes.2.title),,   ][COLOR lightgrey]($LOCALIZE[31181])[/COLOR])</onload>
	<onload condition="$EXP[MenuCheck] | !String.IsEmpty(Window(home).Property(MainMenuReset))">Skin.SetString(home_menu_pos_6.label,$INFO[Window(home).Property(emby.nodes.3.title),,   ][COLOR lightgrey]($LOCALIZE[31181])[/COLOR])</onload>
	<onload condition="$EXP[MenuCheck] | !String.IsEmpty(Window(home).Property(MainMenuReset))">Skin.SetString(home_menu_pos_7.label,$INFO[Window(home).Property(emby.nodes.4.title),,   ][COLOR lightgrey]($LOCALIZE[31181])[/COLOR])</onload>
	<onload condition="$EXP[MenuCheck] | !String.IsEmpty(Window(home).Property(MainMenuReset))">Skin.SetString(home_menu_pos_8.label,$INFO[Window(home).Property(emby.nodes.5.title),,   ][COLOR lightgrey]($LOCALIZE[31181])[/COLOR])</onload>
	<onload condition="$EXP[MenuCheck] | !String.IsEmpty(Window(home).Property(MainMenuReset))">Skin.SetString(home_menu_pos_9.label,$INFO[Window(home).Property(emby.nodes.6.title),,   ][COLOR lightgrey]($LOCALIZE[31181])[/COLOR])</onload>
	<onload condition="$EXP[MenuCheck] | !String.IsEmpty(Window(home).Property(MainMenuReset))">Skin.SetString(home_menu_pos_10.label,$INFO[Window(home).Property(emby.nodes.7.title),,   ][COLOR lightgrey]($LOCALIZE[31181])[/COLOR])</onload>
	<onload condition="$EXP[MenuCheck] | !String.IsEmpty(Window(home).Property(MainMenuReset))">Skin.SetString(home_menu_pos_11.label,$INFO[Window(home).Property(emby.nodes.8.title),,   ][COLOR lightgrey]($LOCALIZE[31181])[/COLOR])</onload>
	<onload condition="$EXP[MenuCheck] | !String.IsEmpty(Window(home).Property(MainMenuReset))">Skin.SetString(home_menu_pos_12.label,$INFO[Window(home).Property(emby.nodes.9.title),,   ][COLOR lightgrey]($LOCALIZE[31181])[/COLOR])</onload>
	<onload condition="$EXP[MenuCheck] | !String.IsEmpty(Window(home).Property(MainMenuReset))">Skin.SetString(home_menu_pos_13.label,$INFO[Window(home).Property(plugin.video.embycon-view_item.0.name),,   ][COLOR lightgrey]($LOCALIZE[31208])[/COLOR])</onload>
	<onload condition="$EXP[MenuCheck] | !String.IsEmpty(Window(home).Property(MainMenuReset))">Skin.SetString(home_menu_pos_14.label,$INFO[Window(home).Property(plugin.video.embycon-view_item.1.name),,   ][COLOR lightgrey]($LOCALIZE[31208])[/COLOR])</onload>
	<onload condition="$EXP[MenuCheck] | !String.IsEmpty(Window(home).Property(MainMenuReset))">Skin.SetString(home_menu_pos_15.label,$INFO[Window(home).Property(plugin.video.embycon-view_item.2.name),,   ][COLOR lightgrey]($LOCALIZE[31208])[/COLOR])</onload>
	<onload condition="$EXP[MenuCheck] | !String.IsEmpty(Window(home).Property(MainMenuReset))">Skin.SetString(home_menu_pos_16.label,$INFO[Window(home).Property(plugin.video.embycon-view_item.3.name),,   ][COLOR lightgrey]($LOCALIZE[31208])[/COLOR])</onload>
	<onload condition="$EXP[MenuCheck] | !String.IsEmpty(Window(home).Property(MainMenuReset))">Skin.SetString(home_menu_pos_17.label,$INFO[Window(home).Property(plugin.video.embycon-view_item.4.name),,   ][COLOR lightgrey]($LOCALIZE[31208])[/COLOR])</onload>
	<onload condition="$EXP[MenuCheck] | !String.IsEmpty(Window(home).Property(MainMenuReset))">Skin.SetString(home_menu_pos_18.label,$INFO[Window(home).Property(plugin.video.embycon-view_item.5.name),,   ][COLOR lightgrey]($LOCALIZE[31208])[/COLOR])</onload>
	<onload condition="$EXP[MenuCheck] | !String.IsEmpty(Window(home).Property(MainMenuReset))">Skin.SetString(home_menu_pos_19.label,$INFO[Window(home).Property(plugin.video.embycon-view_item.6.name),,   ][COLOR lightgrey]($LOCALIZE[31208])[/COLOR])</onload>
	<onload condition="$EXP[MenuCheck] | !String.IsEmpty(Window(home).Property(MainMenuReset))">Skin.SetString(home_menu_pos_20.label,$INFO[Window(home).Property(plugin.video.embycon-view_item.7.name),,   ][COLOR lightgrey]($LOCALIZE[31208])[/COLOR])</onload>
	<onload condition="$EXP[MenuCheck] | !String.IsEmpty(Window(home).Property(MainMenuReset))">Skin.SetString(home_menu_pos_21.label,$INFO[Window(home).Property(plugin.video.embycon-view_item.8.name),,   ][COLOR lightgrey]($LOCALIZE[31208])[/COLOR])</onload>
	<onload condition="$EXP[MenuCheck] | !String.IsEmpty(Window(home).Property(MainMenuReset))">Skin.SetString(home_menu_pos_22.label,$INFO[Window(home).Property(plugin.video.embycon-view_item.9.name),,   ][COLOR lightgrey]($LOCALIZE[31208])[/COLOR])</onload>
	<onload condition="$EXP[MenuCheck] | !String.IsEmpty(Window(home).Property(MainMenuReset))">Skin.SetString(home_menu_pos_23.label,$VAR[PVRLabel])</onload>
	<onload condition="$EXP[MenuCheck] | !String.IsEmpty(Window(home).Property(MainMenuReset))">Skin.SetString(home_menu_pos_24.label,$LOCALIZE[2])</onload>
	<onload condition="$EXP[MenuCheck] | !String.IsEmpty(Window(home).Property(MainMenuReset))">Skin.SetString(home_menu_pos_25.label,$LOCALIZE[20389])</onload>
	<onload condition="$EXP[MenuCheck] | !String.IsEmpty(Window(home).Property(MainMenuReset))">Skin.SetString(home_menu_pos_26.label,$LOCALIZE[24001])</onload>
	<onload condition="$EXP[MenuCheck] | !String.IsEmpty(Window(home).Property(MainMenuReset))">Skin.SetString(home_menu_pos_27.label,$INFO[Skin.String(UserHomeHub1_name),,   ][COLOR lightgrey]($LOCALIZE[31200] 1)[/COLOR])</onload>
	<onload condition="$EXP[MenuCheck] | !String.IsEmpty(Window(home).Property(MainMenuReset))">Skin.SetString(home_menu_pos_28.label,$INFO[Skin.String(UserHomeHub2_name),,   ][COLOR lightgrey]($LOCALIZE[31200] 2)[/COLOR])</onload>
	<onload condition="$EXP[MenuCheck] | !String.IsEmpty(Window(home).Property(MainMenuReset))">Skin.SetString(home_menu_pos_29.label,$INFO[Skin.String(UserHomeHub3_name),,   ][COLOR lightgrey]($LOCALIZE[31200] 3)[/COLOR])</onload>
	<onload condition="$EXP[MenuCheck] | !String.IsEmpty(Window(home).Property(MainMenuReset))">Skin.SetString(home_menu_pos_30.label,$INFO[Skin.String(UserHomeHub4_name),,   ][COLOR lightgrey]($LOCALIZE[31200] 4)[/COLOR])</onload>
	<onload condition="$EXP[MenuCheck] | !String.IsEmpty(Window(home).Property(MainMenuReset))">Skin.SetString(home_menu_pos_31.label,$INFO[Skin.String(UserHomeHub5_name),,   ][COLOR lightgrey]($LOCALIZE[31200] 5)[/COLOR])</onload>
	<onload condition="$EXP[MenuCheck] | !String.IsEmpty(Window(home).Property(MainMenuReset))">Skin.SetString(home_menu_pos_32.label,$INFO[Skin.String(UserHomeHub6_name),,   ][COLOR lightgrey]($LOCALIZE[31200] 6)[/COLOR])</onload>

	<onload condition="!String.IsEmpty(Window(home).Property(MainMenuReset))">Skin.Reset(movies.icon)</onload>
	<onload condition="!String.IsEmpty(Window(home).Property(MainMenuReset))">Skin.Reset(shows.icon)</onload>
	<onload condition="!String.IsEmpty(Window(home).Property(MainMenuReset))">Skin.Reset(pvr.icon)</onload>
	<onload condition="!String.IsEmpty(Window(home).Property(MainMenuReset))">Skin.Reset(music.icon)</onload>
	<onload condition="!String.IsEmpty(Window(home).Property(MainMenuReset))">Skin.Reset(musicvideos.icon)</onload>
	<onload condition="!String.IsEmpty(Window(home).Property(MainMenuReset))">Skin.Reset(addons.icon)</onload>
	<onload condition="!String.IsEmpty(Window(home).Property(MainMenuReset))">Skin.Reset(custom1.icon)</onload>
	<onload condition="!String.IsEmpty(Window(home).Property(MainMenuReset))">Skin.Reset(custom2.icon)</onload>
	<onload condition="!String.IsEmpty(Window(home).Property(MainMenuReset))">Skin.Reset(custom3.icon)</onload>
	<onload condition="!String.IsEmpty(Window(home).Property(MainMenuReset))">Skin.Reset(custom4.icon)</onload>
	<onload condition="!String.IsEmpty(Window(home).Property(MainMenuReset))">Skin.Reset(custom5.icon)</onload>
	<onload condition="!String.IsEmpty(Window(home).Property(MainMenuReset))">Skin.Reset(custom6.icon)</onload>
	<onload condition="!String.IsEmpty(Window(home).Property(MainMenuReset))">Skin.Reset(emby0.icon)</onload>
	<onload condition="!String.IsEmpty(Window(home).Property(MainMenuReset))">Skin.Reset(emby1.icon)</onload>
	<onload condition="!String.IsEmpty(Window(home).Property(MainMenuReset))">Skin.Reset(emby2.icon)</onload>
	<onload condition="!String.IsEmpty(Window(home).Property(MainMenuReset))">Skin.Reset(emby3.icon)</onload>
	<onload condition="!String.IsEmpty(Window(home).Property(MainMenuReset))">Skin.Reset(emby4.icon)</onload>
	<onload condition="!String.IsEmpty(Window(home).Property(MainMenuReset))">Skin.Reset(emby5.icon)</onload>
	<onload condition="!String.IsEmpty(Window(home).Property(MainMenuReset))">Skin.Reset(emby6.icon)</onload>
	<onload condition="!String.IsEmpty(Window(home).Property(MainMenuReset))">Skin.Reset(emby7.icon)</onload>
	<onload condition="!String.IsEmpty(Window(home).Property(MainMenuReset))">Skin.Reset(emby8.icon)</onload>
	<onload condition="!String.IsEmpty(Window(home).Property(MainMenuReset))">Skin.Reset(emby9.icon)</onload>
	<onload condition="!String.IsEmpty(Window(home).Property(MainMenuReset))">Skin.Reset(embycon0.icon)</onload>
	<onload condition="!String.IsEmpty(Window(home).Property(MainMenuReset))">Skin.Reset(embycon1.icon)</onload>
	<onload condition="!String.IsEmpty(Window(home).Property(MainMenuReset))">Skin.Reset(embycon2.icon)</onload>
	<onload condition="!String.IsEmpty(Window(home).Property(MainMenuReset))">Skin.Reset(embycon3.icon)</onload>
	<onload condition="!String.IsEmpty(Window(home).Property(MainMenuReset))">Skin.Reset(embycon4.icon)</onload>
	<onload condition="!String.IsEmpty(Window(home).Property(MainMenuReset))">Skin.Reset(embycon5.icon)</onload>
	<onload condition="!String.IsEmpty(Window(home).Property(MainMenuReset))">Skin.Reset(embycon6.icon)</onload>
	<onload condition="!String.IsEmpty(Window(home).Property(MainMenuReset))">Skin.Reset(embycon7.icon)</onload>
	<onload condition="!String.IsEmpty(Window(home).Property(MainMenuReset))">Skin.Reset(embycon8.icon)</onload>
	<onload condition="!String.IsEmpty(Window(home).Property(MainMenuReset))">Skin.Reset(embycon9.icon)</onload>

	<onload condition="$EXP[MenuCheck] | !String.IsEmpty(Window(home).Property(MainMenuReset))">Notification(Embuary,$LOCALIZE[31207])</onload>
	<onload>ClearProperty(MainMenuReset,home)</onload>
	<controls/>
</window>