<?xml version="1.0" encoding="UTF-8"?>
<includes>
	<!-- Common Layout Includes -->
	<include name="widget_headline">
		<param name="top">25</param>
		<param name="left">67</param>
		<definition>
			<control type="label">
				<top>$PARAM[top]</top>
				<left>$PARAM[left]</left>
				<width>1000</width>
				<height>87</height>
				<font>Med23</font>
				<align>left</align>
				<aligny>center</aligny>
				<label>$PARAM[headline]</label>
			</control>
		</definition>
	</include>
	<!-- Widget labels -->
	<include name="widget_labels">
		<param name="labels_visible">true</param>
		<param name="mainlabel">$VAR[MainListLabel]</param>
		<param name="sublabel">$VAR[SubListLabel]</param>
		<param name="textoffsetx">0</param>
		<definition>
			<control type="group">
				<top>$PARAM[top]</top>
				<width>$PARAM[width]</width>
				<visible>$PARAM[labels_visible]</visible>
				<control type="label">
					<width>$PARAM[width]</width>
					<height>30</height>
					<label>$PARAM[mainlabel]</label>
					<font>Reg23</font>
					<scroll>$PARAM[focused] + Control.HasFocus($PARAM[id])</scroll>
					<align>center</align>
					<textoffsetx>$PARAM[textoffsetx]</textoffsetx>
					<visible>$PARAM[focused] + Control.HasFocus($PARAM[id])</visible>
				</control>
				<control type="label">
					<width>$PARAM[width]</width>
					<height>30</height>
					<label>$PARAM[mainlabel]</label>
					<font>Reg23</font>
					<scroll>false</scroll>
					<align>center</align>
					<textoffsetx>$PARAM[textoffsetx]</textoffsetx>
					<visible>!$PARAM[focused] | !Control.HasFocus($PARAM[id])</visible>
				</control>
				<control type="label">
					<top>30</top>
					<width>$PARAM[width]</width>
					<height>30</height>
					<label>$PARAM[sublabel]</label>
					<font>Reg23</font>
					<textcolor>lightgrey</textcolor>
					<scroll>$PARAM[focused] + Control.HasFocus($PARAM[id])</scroll>
					<align>center</align>
					<textoffsetx>$PARAM[textoffsetx]</textoffsetx>
					<visible>$PARAM[focused] + Control.HasFocus($PARAM[id])</visible>
				</control>
				<control type="label">
					<top>30</top>
					<width>$PARAM[width]</width>
					<height>30</height>
					<label>$PARAM[sublabel]</label>
					<font>Reg23</font>
					<textcolor>lightgrey</textcolor>
					<scroll>false</scroll>
					<align>center</align>
					<textoffsetx>$PARAM[textoffsetx]</textoffsetx>
					<visible>!$PARAM[focused] | !Control.HasFocus($PARAM[id])</visible>
				</control>
			</control>
		</definition>
	</include>
	<!-- Static labels -->
	<include name="static_labels">
		<param name="labels_visible">true</param>
		<param name="mainlabel">$VAR[MainListLabel]</param>
		<param name="sublabel">$VAR[SubListLabel]</param>
		<param name="textoffsetx">0</param>
		<definition>
			<control type="group">
				<top>$PARAM[top]</top>
				<width>$PARAM[width]</width>
				<visible>$PARAM[labels_visible]</visible>
				<control type="label">
					<width>$PARAM[width]</width>
					<height>30</height>
					<label>$PARAM[mainlabel]</label>
					<font>Reg23</font>
					<scroll>true</scroll>
					<align>center</align>
					<textoffsetx>$PARAM[textoffsetx]</textoffsetx>
				</control>
				<control type="label">
					<top>30</top>
					<width>$PARAM[width]</width>
					<height>30</height>
					<label>$PARAM[sublabel]</label>
					<font>Reg23</font>
					<textcolor>lightgrey</textcolor>
					<scroll>true</scroll>
					<align>center</align>
					<textoffsetx>$PARAM[textoffsetx]</textoffsetx>
				</control>
			</control>
		</definition>
	</include>
	<!-- Upper overlay -->
	<include name="bubble_overlay">
		<control type="group">
			<visible>!Window.IsVisible(1114)</visible>
			<control type="image" id="2">
				<right>10</right>
				<top>10</top>
				<width>32</width>
				<height>28</height>
				<texture colordiffuse="red">$VAR[PVRTimerIcon]</texture>
				<aspectratio align="right">keep</aspectratio>
				<visible>String.StartsWith(ListItem.Path,pvr://)</visible>
			</control>
			<control type="group">
				<visible>[String.IsEqual(ListItem.DBtype,tvshow) + !String.IsEmpty(ListItem.Property(UnWatchedEpisodes)) + Integer.IsLess(ListItem.Property(UnWatchedEpisodes),1)] | String.IsEqual(ListItem.Overlay,OverlayWatched.png) | Integer.IsGreater(ListItem.Property(UnWatchedEpisodes),0) | Integer.IsGreaterOrEqual(ListItem.PlayCount,1)</visible>
				<right>8</right>
				<top>9</top>
				<width>44</width>
				<height>44</height>
				<control type="image">
					<width>44</width>
					<height>44</height>
					<texture colordiffuse="emby_secondary">items/bubble_small.png</texture>
					<aspectratio>keep</aspectratio>
				</control>
				<control type="label">
					<top>-2</top>
					<left>1</left>
					<width>44</width>
					<height>44</height>
					<label>$INFO[ListItem.Property(UnWatchedEpisodes)]</label>
					<font>BubbleFont</font>
					<textcolor>white</textcolor>
					<selectedcolor>white</selectedcolor>
					<align>center</align>
					<aligny>center</aligny>
					<visible>Integer.IsGreater(ListItem.Property(UnWatchedEpisodes),0)</visible>
				</control>
				<control type="label">
					<top>9</top>
					<left>1</left>
					<width>44</width>
					<height>44</height>
					<label></label>
					<font>FontAwesome20Light</font>
					<textcolor>white</textcolor>
					<selectedcolor>white</selectedcolor>
					<align>center</align>
					<aligny>top</aligny>
					<visible>Integer.IsLess(ListItem.Property(UnWatchedEpisodes),1) + !String.IsEqual(ListItem.Overlay,OverlayUnwatched.png) + [String.IsEqual(ListItem.Overlay,OverlayWatched.png) | Integer.IsGreaterOrEqual(ListItem.PlayCount,1) | [String.IsEqual(ListItem.DBtype,tvshow) + !String.IsEmpty(ListItem.Property(UnWatchedEpisodes))]]</visible>
				</control>
			</control>
			<control type="group">
				<visible>Window.IsVisible(addonbrowser) + [String.IsEqual(ListItem.Label2,$LOCALIZE[24023]) | String.IsEqual(ListItem.Label2,$LOCALIZE[305])]</visible>
				<right>8</right>
				<top>9</top>
				<width>44</width>
				<height>44</height>
				<control type="image">
					<width>44</width>
					<height>44</height>
					<texture colordiffuse="red">items/bubble_small.png</texture>
					<aspectratio>keep</aspectratio>
					<visible>String.IsEqual(ListItem.Label2,$LOCALIZE[24023])</visible>
				</control>
				<control type="image">
					<width>44</width>
					<height>44</height>
					<texture colordiffuse="emby_secondary">items/bubble_small.png</texture>
					<aspectratio>keep</aspectratio>
					<visible>String.IsEqual(ListItem.Label2,$LOCALIZE[305])</visible>
				</control>
				<control type="label">
					<top>9</top>
					<left>1</left>
					<width>44</width>
					<height>44</height>
					<label></label>
					<font>FontAwesome20Light</font>
					<textcolor>white</textcolor>
					<selectedcolor>white</selectedcolor>
					<align>center</align>
					<aligny>top</aligny>
					<visible>String.IsEqual(ListItem.Label2,$LOCALIZE[24023])</visible>
				</control>
				<control type="label">
					<top>9</top>
					<left>1</left>
					<width>44</width>
					<height>44</height>
					<label></label>
					<font>FontAwesome20Light</font>
					<textcolor>white</textcolor>
					<selectedcolor>white</selectedcolor>
					<align>center</align>
					<aligny>top</aligny>
					<visible>String.IsEqual(ListItem.Label2,$LOCALIZE[305])</visible>
				</control>
			</control>
		</control>
	</include>
	<!-- List overlay -->
	<include name="bubble_mini_overlay">
		<control type="group">
			<visible>String.IsEqual(ListItem.Overlay,OverlayWatched.png)</visible>
			<left>$PARAM[left]</left>
			<top>$PARAM[top]</top>
			<width>36</width>
			<height>36</height>
			<control type="image">
				<width>36</width>
				<height>36</height>
				<texture colordiffuse="emby">items/bubble_mini.png</texture>
				<aspectratio>keep</aspectratio>
			</control>
			<control type="label">
				<top>8</top>
				<left>2</left>
				<width>36</width>
				<height>36</height>
				<label></label>
				<font>FontAwesome16Light</font>
				<textcolor>white</textcolor>
				<selectedcolor>white</selectedcolor>
				<align>center</align>
				<aligny>top</aligny>
				<visible>String.IsEqual(ListItem.Overlay,OverlayWatched.png)</visible>
			</control>
		</control>
	</include>
	<!-- Play icon -->
	<include name="bubble_play">
		<control type="group">
			<visible>!Window.IsVisible(1114)</visible>
			<visible>[!String.IsEmpty(ListItem.DBtype) + !String.IsEmpty(ListItem.DBID)] | [!String.IsEmpty(ListItem.FileNameAndPath) + [String.StartsWith(ListItem.Path,plugin://plugin.video) | String.StartsWith(ListItem.Path,plugin://plugin.audio) | String.Contains(ListItem.AddonType,$LOCALIZE[20094])]] | String.StartsWith(ListItem.Path,pvr://channels) | String.StartsWith(ListItem.Path,pvr://recordings) | [ListItem.IsFolder + !String.StartsWith(ListItem.Path,pvr://)]</visible>
			<right>10</right>
			<bottom>10</bottom>
			<width>38</width>
			<height>38</height>
			<control type="image">
				<width>38</width>
				<height>38</height>
				<texture colordiffuse="a9000000">items/bubble_mask.png</texture>
				<aspectratio>keep</aspectratio>
			</control>
			<control type="label">
				<top>11</top>
				<left>1</left>
				<width>38</width>
				<height>38</height>
				<label></label>
				<font>FontAwesome14Light</font>
				<textcolor>white</textcolor>
				<selectedcolor>white</selectedcolor>
				<align>center</align>
				<aligny>top</aligny>
				<visible>![[String.IsEqual(ListItem.DBType,set) | String.IsEqual(ListItem.DBType,tvshow) | String.IsEqual(ListItem.DBType,season) | String.IsEqual(ListItem.DBType,artist) | ListItem.IsFolder] + !String.IsEqual(ListItem.DBType,album)]</visible>
			</control>
			<control type="label">
				<width>38</width>
				<height>38</height>
				<label></label>
				<font>Material30</font>
				<textcolor>white</textcolor>
				<selectedcolor>white</selectedcolor>
				<align>center</align>
				<aligny>center</aligny>
				<visible>[String.IsEqual(ListItem.DBType,set) | String.IsEqual(ListItem.DBType,tvshow) | String.IsEqual(ListItem.DBType,season) | String.IsEqual(ListItem.DBType,artist) | ListItem.IsFolder] + !String.IsEqual(ListItem.DBType,album)</visible>
			</control>
		</control>
	</include>
	<!-- HasNext arrow -->
	<include name="list_mask">
		<param name="top" default="94"/>
		<param name="width" default="100"/>
		<param name="visible_forced" default="false"/>
		<definition>
			<control type="group">				
				<visible>[Container($PARAM[id]).HasNext + Control.HasFocus($PARAM[id])] | [Container($PARAM[id]).HasNext + $PARAM[visible_forced]]</visible>
				<animation effect="fade" start="0" end="100" time="200" tween="sine">Visible</animation>
				<animation effect="fade" start="100" end="0" time="0">Hidden</animation>
				<control type="image">
					<top>$PARAM[top]</top>
					<right>0</right>
					<width>$PARAM[width]</width>
					<height>$PARAM[height]</height>
					<texture colordiffuse="background">items/listmask.png</texture>
					<aspectratio>stretch</aspectratio>
				</control>
				<control type="label">
					<top>$PARAM[top]</top>
					<right>8</right>
					<width>60</width>
					<height>$PARAM[height]</height>
					<label></label>
					<font>Material60</font>
					<textcolor>white</textcolor>
					<align>center</align>
					<aligny>center</aligny>
				</control>
			</control>
			<control type="group">
				<visible>[Container($PARAM[id]).HasPrevious + Control.HasFocus($PARAM[id])] | [Container($PARAM[id]).HasPrevious + $PARAM[visible_forced]]</visible>
				<animation effect="fade" start="0" end="100" time="200" tween="sine">Visible</animation>
				<animation effect="fade" start="100" end="0" time="0">Hidden</animation>
				<control type="image">
					<top>$PARAM[top]</top>
					<left>0</left>
					<width>$PARAM[width]</width>
					<height>$PARAM[height]</height>
					<texture flipx="true" colordiffuse="background">items/listmask.png</texture>
					<aspectratio>stretch</aspectratio>
				</control>
				<control type="label">
					<top>$PARAM[top]</top>
					<left>8</left>
					<width>60</width>
					<height>$PARAM[height]</height>
					<label></label>
					<font>Material60</font>
					<textcolor>white</textcolor>
					<align>center</align>
					<aligny>center</aligny>
				</control>
			</control>
		</definition>
	</include>
	<!-- Spacer -->
	<include name="WidgetSpacer">
		<param name="visible">true</param>
		<param name="height">200</param>
		<definition>
			<control type="label" id="$PARAM[id]">
				<width>1</width>
				<height>$PARAM[height]</height>
				<texturefocus />
				<texturenofocus />
				<label/>
				<font/>
				<visible>$PARAM[visible]</visible>
			</control>
		</definition>
	</include>
	<!-- Progress -->
	<include name="progress">
		<param name="width">100</param>
		<param name="height">2</param>
		<param name="top">0</param>
		<param name="left">0</param>
		<definition>
			<control type="progress">
				<top>$PARAM[top]</top>
				<left>$PARAM[left]</left>
				<width>$PARAM[width]</width>
				<height>$PARAM[height]</height>
				<texturebg colordiffuse="cc515151" border="2">common/white.jpg</texturebg>
				<lefttexture>-</lefttexture>
				<midtexture colordiffuse="emby_secondary" border="2">common/white.jpg</midtexture>
				<righttexture>-</righttexture>
				<info>ListItem.Progress</info>
				<visible>String.StartsWith(ListItem.Path,pvr://channels) + Integer.IsGreater(ListItem.Progress,0)</visible>
			</control>
			<control type="progress">
				<top>$PARAM[top]</top>
				<left>$PARAM[left]</left>
				<width>$PARAM[width]</width>
				<height>$PARAM[height]</height>
				<texturebg colordiffuse="cc515151" border="2">common/white.jpg</texturebg>
				<lefttexture>-</lefttexture>
				<midtexture colordiffuse="emby_secondary" border="2">common/white.jpg</midtexture>
				<righttexture>-</righttexture>
				<info>ListItem.PercentPlayed</info>
				<visible>!String.StartsWith(ListItem.Path,pvr://channels) + Integer.IsGreater(ListItem.PercentPlayed,0)</visible>
			</control>
		</definition>
	</include>
	<include name="PlayerProgress">
		<param name="visible">true</param>
		<param name="width">100</param>
		<param name="height">2</param>
		<param name="top">0</param>
		<param name="left">0</param>
		<definition>
			<control type="progress">
				<top>$PARAM[top]</top>
				<left>$PARAM[left]</left>
				<width>$PARAM[width]</width>
				<height>$PARAM[height]</height>
				<texturebg colordiffuse="cc515151" border="2">common/white.jpg</texturebg>
				<lefttexture>-</lefttexture>
				<midtexture colordiffuse="emby_secondary"  border="2">common/white.jpg</midtexture>
				<righttexture>-</righttexture>
				<info>Player.Progress</info>
			</control>
		</definition>
	</include>
	<!-- Loading spinner -->
	<include name="WidgetLoadingSpinner">
		<control type="image">
			<centerleft>50%</centerleft>
			<centertop>50%</centertop>
			<height>150</height>
			<width>150</width>
			<texture colordiffuse="white">common/spinner-blue.gif</texture>
			<aspectratio align="center" aligny="center">keep</aspectratio>
		</control>
	</include>
	<!-- Poster -->
	<include name="PosterLayout">
		<param name="mainlabel">$VAR[MainListLabel]</param>
		<param name="sublabel">$VAR[SubListLabel]</param>
		<param name="thumblabel">$VAR[MainListLabel]</param>
		<param name="focused">false</param>
		<param name="visible">true</param>
		<definition>
			<control type="group">
				<visible>$PARAM[visible]</visible>
				<control type="image">
					<top>-2</top>
					<left>-2</left>
					<width>282</width>
					<height>420</height>
					<texture>items/shadow_poster.png</texture>
				</control>
				<control type="image">
					<width>276</width>
					<height>414</height>
					<texture colordiffuse="thumb_background_fallback" diffuse="items/mask_poster.png">common/white.jpg</texture>
					<aspectratio scalediffuse="false">stretch</aspectratio>
					<visible>String.IsEmpty(ListItem.Icon) | String.StartsWith(ListItem.Icon,Default)</visible>
				</control>
				<control type="image">
					<width>276</width>
					<height>414</height>
					<texture colordiffuse="thumb_background" diffuse="items/mask_poster.png">common/white.jpg</texture>
					<aspectratio scalediffuse="false">stretch</aspectratio>
					<visible>!String.IsEmpty(ListItem.Icon) + !String.StartsWith(ListItem.Icon,Default)</visible>
				</control>
				<control type="textbox">
					<top>10</top>
					<left>10</left>
					<width>246</width>
					<height>394</height>
					<font>Light24</font>
					<textcolor>white</textcolor>
					<align>center</align>
					<aligny>center</aligny>
					<label>$PARAM[thumblabel]</label>
					<visible>String.IsEmpty(ListItem.Icon) | String.StartsWith(ListItem.Icon,Default)</visible>
				</control>
				<control type="image">
					<width>276</width>
					<height>414</height>
					<texture diffuse="items/mask_poster.png" background="true">$VAR[IconPoster]</texture>
					<aspectratio scalediffuse="false">stretch</aspectratio>
					<visible>!String.StartsWith(ListItem.Icon,Default)</visible>
				</control>
				<control type="group">
					<width>276</width>
					<height>414</height>
					<include>bubble_overlay</include>
					<include>bubble_play</include>
				</control>
				<include content="progress">
					<param name="top" value="410"/>
					<param name="width" value="276"/>
				</include>
				<control type="image">
					<left>-12</left>
					<top>-7</top>
					<width>300</width>
					<height>438</height>
					<texture colordiffuse="focus_widget">items/focus_poster.png</texture>
					<aspectratio>stretch</aspectratio>
					<visible>$PARAM[focused] + Control.HasFocus($PARAM[id])</visible>
					<include condition="$PARAM[focused]">Animation_FocusTextureFade</include>
				</control>
				<control type="image">
					<include>Widget_Diffuse</include>
					<width>276</width>
					<height>414</height>
					<texture diffuse="items/mask_wide.png" colordiffuse="diffuse_widget">common/white.jpg</texture>
				</control>
				<include content="widget_labels">
					<param name="top">426</param>
					<param name="width">276</param>
					<param name="id">$PARAM[id]</param>
					<param name="mainlabel">$PARAM[mainlabel]</param>
					<param name="sublabel">$PARAM[sublabel]</param>
					<param name="focused">$PARAM[focused]</param>
					<param name="labels_visible">$PARAM[labels_visible]</param>
				</include>
			</control>
		</definition>
	</include>
	<!-- Poster DB -->
	<include name="PosterLayout_Size2">
		<param name="mainlabel">$VAR[MainListLabel]</param>
		<param name="sublabel">$VAR[SubListLabel]</param>
		<param name="thumblabel">$VAR[MainListLabel]</param>
		<param name="focused">false</param>
		<param name="visible">true</param>
		<definition>
			<control type="group">
				<visible>$PARAM[visible]</visible>
				<control type="image">
					<top>-2</top>
					<left>-2</left>
					<width>243</width>
					<height>361</height>
					<texture>items/shadow_poster_db.png</texture>
				</control>
				<control type="image">
					<width>237</width>
					<height>355</height>
					<texture colordiffuse="thumb_background_fallback" diffuse="items/mask_poster_db.png">common/white.jpg</texture>
					<aspectratio scalediffuse="false">stretch</aspectratio>
					<visible>String.IsEmpty(ListItem.Icon) | String.StartsWith(ListItem.Icon,Default)</visible>
				</control>
				<control type="image">
					<width>237</width>
					<height>355</height>
					<texture colordiffuse="thumb_background" diffuse="items/mask_poster_db.png">common/white.jpg</texture>
					<aspectratio scalediffuse="false">stretch</aspectratio>
					<visible>!String.IsEmpty(ListItem.Icon) + !String.StartsWith(ListItem.Icon,Default)</visible>
				</control>
				<control type="textbox">
					<top>10</top>
					<left>10</left>
					<width>217</width>
					<height>335</height>
					<font>Light24</font>
					<textcolor>white</textcolor>
					<align>center</align>
					<aligny>center</aligny>
					<label>$PARAM[thumblabel]</label>
					<visible>String.IsEmpty(ListItem.Icon) | String.StartsWith(ListItem.Icon,Default)</visible>
				</control>
				<control type="image">
					<width>237</width>
					<height>355</height>
					<texture diffuse="items/mask_poster_db.png" background="true">$VAR[IconPoster]</texture>
					<aspectratio scalediffuse="false">stretch</aspectratio>
					<visible>!String.StartsWith(ListItem.Icon,Default)</visible>
				</control>
				<control type="group">
					<width>237</width>
					<height>355</height>
					<include>bubble_overlay</include>
					<include>bubble_play</include>
				</control>
				<include content="progress">
					<param name="top" value="351"/>
					<param name="width" value="237"/>
				</include>
				<control type="image">
					<left>-12</left>
					<top>-7</top>
					<width>261</width>
					<height>379</height>
					<texture colordiffuse="focus_widget">items/focus_poster_db.png</texture>
					<aspectratio>stretch</aspectratio>
					<visible>$PARAM[focused] + Control.HasFocus($PARAM[id])</visible>
					<include condition="$PARAM[focused]">Animation_FocusTextureFade</include>
				</control>
				<control type="image">
					<include>Widget_Diffuse</include>
					<width>237</width>
					<height>355</height>
					<texture diffuse="items/mask_wide.png" colordiffuse="diffuse_widget">common/white.jpg</texture>
				</control>
				<include content="widget_labels">
					<param name="top">367</param>
					<param name="width">237</param>
					<param name="id">$PARAM[id]</param>
					<param name="mainlabel">$PARAM[mainlabel]</param>
					<param name="sublabel">$PARAM[sublabel]</param>
					<param name="focused">$PARAM[focused]</param>
					<param name="labels_visible">$PARAM[labels_visible]</param>
				</include>
			</control>
		</definition>
	</include>

	<!-- Banner -->
	<include name="BannerLayout">
		<param name="mainlabel">$VAR[MainListLabel]</param>
		<param name="sublabel">$VAR[SubListLabel]</param>
		<param name="thumblabel">$VAR[MainListLabel]</param>
		<param name="focused">false</param>
		<param name="visible">true</param>
		<definition>
			<control type="group">
				<visible>$PARAM[visible]</visible>
				<control type="image">
					<top>-2</top>
					<left>-2</left>
					<width>886</width>
					<height>169</height>
					<texture>items/shadow_banner.png</texture>
				</control>
				<control type="image">
					<width>880</width>
					<height>163</height>
					<texture colordiffuse="thumb_background_fallback" diffuse="items/mask_banner.png">common/white.jpg</texture>
					<aspectratio scalediffuse="false">stretch</aspectratio>
					<visible>![!String.IsEmpty(ListItem.Art(banner)) | !String.IsEmpty(ListItem.Art(tvshow.banner)) | !String.IsEmpty(ListItem.Art(fanart)) | !String.IsEmpty(ListItem.Art(tvshow.fanart))]</visible>
				</control>
				<control type="image">
					<width>880</width>
					<height>163</height>
					<texture colordiffuse="thumb_background" diffuse="items/mask_banner.png">common/white.jpg</texture>
					<aspectratio scalediffuse="false">stretch</aspectratio>
					<visible>!String.IsEmpty(ListItem.Art(banner)) | !String.IsEmpty(ListItem.Art(tvshow.banner)) | !String.IsEmpty(ListItem.Art(fanart)) | !String.IsEmpty(ListItem.Art(tvshow.fanart))</visible>
				</control>
				<control type="textbox">
					<top>10</top>
					<left>10</left>
					<width>860</width>
					<height>143</height>
					<font>Light24</font>
					<textcolor>white</textcolor>
					<align>center</align>
					<aligny>center</aligny>
					<label>$PARAM[thumblabel]</label>
					<visible>![!String.IsEmpty(ListItem.Art(banner)) | !String.IsEmpty(ListItem.Art(tvshow.banner)) | !String.IsEmpty(ListItem.Art(fanart)) | !String.IsEmpty(ListItem.Art(tvshow.fanart))]</visible>
				</control>
				<control type="image">
					<width>880</width>
					<height>163</height>
					<texture diffuse="items/mask_banner.png" background="true">$VAR[IconBanner]</texture>
					<aspectratio scalediffuse="false" aligny="top">scale</aspectratio>
					<visible>!String.IsEmpty(ListItem.Art(banner)) | !String.IsEmpty(ListItem.Art(tvshow.banner)) | !String.IsEmpty(ListItem.Art(fanart)) | !String.IsEmpty(ListItem.Art(tvshow.fanart))</visible>
				</control>
				<control type="image">
					<width>880</width>
					<height>163</height>
					<texture diffuse="items/mask_banner.png" background="true">$VAR[ListItemClearlogo]</texture>
					<aspectratio scalediffuse="false">keep</aspectratio>
					<bordersize>20</bordersize>
					<visible>String.IsEmpty(ListItem.Art(banner)) + String.IsEmpty(ListItem.Art(tvshow.banner)) + [!String.IsEmpty(ListItem.Art(fanart)) | !String.IsEmpty(ListItem.Art(tvshow.fanart))]</visible>
				</control>
				<control type="group">
					<width>880</width>
					<height>163</height>
					<include>bubble_overlay</include>
					<include>bubble_play</include>
				</control>
				<include content="progress">
					<param name="top" value="159"/>
					<param name="width" value="880"/>
				</include>
				<control type="image">
					<left>-12</left>
					<top>-7</top>
					<width>904</width>
					<height>187</height>
					<texture colordiffuse="focus_widget">items/focus_banner.png</texture>
					<aspectratio>stretch</aspectratio>
					<visible>$PARAM[focused] + Control.HasFocus($PARAM[id])</visible>
					<include condition="$PARAM[focused]">Animation_FocusTextureFade</include>
				</control>
				<control type="image">
					<include>Widget_Diffuse</include>
					<width>880</width>
					<height>163</height>
					<texture diffuse="items/mask_banner.png" colordiffuse="diffuse_widget">common/white.jpg</texture>
				</control>
				<include content="widget_labels">
					<param name="top">175</param>
					<param name="width">880</param>
					<param name="id">$PARAM[id]</param>
					<param name="mainlabel">$PARAM[mainlabel]</param>
					<param name="sublabel">$PARAM[sublabel]</param>
					<param name="focused">$PARAM[focused]</param>
					<param name="labels_visible">$PARAM[labels_visible]</param>
				</include>
			</control>
		</definition>
	</include>

	<!-- Landscape -->
	<include name="LandscapeLayout">
		<param name="mainlabel">$VAR[MainListLabel]</param>
		<param name="sublabel">$VAR[SubListLabel]</param>
		<param name="thumblabel">$VAR[MainListLabel]</param>
		<param name="thumb">$VAR[IconLandscape]</param>
		<param name="focused">false</param>
		<param name="visible">true</param>
		<definition>
			<control type="group">
				<visible>$PARAM[visible]</visible>
				<control type="image">
					<top>-2</top>
					<left>-2</left>
					<width>430</width>
					<height>245</height>
					<texture>items/shadow_wide.png</texture>
				</control>
				<control type="image">
					<width>424</width>
					<height>239</height>
					<texture colordiffuse="thumb_background_fallback" diffuse="items/mask_wide.png">common/white.jpg</texture>
					<aspectratio scalediffuse="false">stretch</aspectratio>
					<visible>String.IsEmpty(ListItem.Icon) | String.StartsWith(ListItem.Icon,Default)</visible>
				</control>
				<control type="image">
					<width>424</width>
					<height>239</height>
					<texture colordiffuse="thumb_background" diffuse="items/mask_wide.png">common/white.jpg</texture>
					<aspectratio scalediffuse="false">stretch</aspectratio>
					<visible>!String.IsEmpty(ListItem.Icon) + !String.StartsWith(ListItem.Icon,Default)</visible>
				</control>
				<control type="textbox">
					<top>10</top>
					<left>10</left>
					<width>404</width>
					<height>219</height>
					<font>Light24</font>
					<textcolor>white</textcolor>
					<align>center</align>
					<aligny>center</aligny>
					<label>$PARAM[thumblabel]</label>
					<visible>String.IsEmpty(ListItem.Icon) | String.StartsWith(ListItem.Icon,Default)</visible>
				</control>
				<control type="image">
					<width>424</width>
					<height>239</height>
					<texture diffuse="items/mask_wide.png" background="true">$INFO[ListItem.Icon]</texture>
					<aspectratio scalediffuse="false">keep</aspectratio>
					<bordersize>20</bordersize>
					<visible>String.StartsWith(ListItem.Path,pvr://) + !String.StartsWith(ListItem.Icon,Default)</visible>
				</control>
				<control type="image">
					<width>424</width>
					<height>239</height>
					<texture diffuse="items/mask_wide.png" background="true">$PARAM[thumb]</texture>
					<aspectratio scalediffuse="false">scale</aspectratio>
					<visible>!String.StartsWith(ListItem.Path,pvr://) + !String.StartsWith(ListItem.Icon,Default)</visible>
				</control>
				<control type="group">
					<width>424</width>
					<height>239</height>
					<control type="image">
						<left>10</left>
						<right>100</right>
						<bottom>10</bottom>
						<height>60</height>
						<texture background="true">$VAR[ListItemClearlogo]</texture>
						<aspectratio align="left" aligny="bottom">keep</aspectratio>
						<visible>[!String.IsEmpty(ListItem.Art(fanart)) | !String.IsEmpty(ListItem.Art(tvshow.fanart)) | [!String.IsEmpty(ListItem.Icon) + !String.StartsWith(ListItem.Icon,Default)]] + String.IsEmpty(ListItem.Art(landscape)) + String.IsEmpty(ListItem.Art(tvshow.landscape)) + [Container.Content(movies) | Container.Content(tvshows) | Container.Content(sets) | String.IsEqual(ListItem.DBType,movie) | String.IsEqual(ListItem.DBType,tvshow) | String.IsEqual(ListItem.DBType,set)]</visible>
					</control>
					<include>bubble_overlay</include>
					<include>bubble_play</include>
				</control>
				<include content="progress">
					<param name="top" value="235"/>
					<param name="width" value="424"/>
				</include>
				<control type="image">
					<left>-12</left>
					<top>-7</top>
					<width>448</width>
					<height>263</height>
					<texture colordiffuse="focus_widget">items/focus_wide.png</texture>
					<aspectratio>stretch</aspectratio>
					<visible>$PARAM[focused] + Control.HasFocus($PARAM[id])</visible>
					<include condition="$PARAM[focused]">Animation_FocusTextureFade</include>
				</control>
				<control type="image">
					<include>Widget_Diffuse</include>
					<width>424</width>
					<height>239</height>
					<texture diffuse="items/mask_wide.png" colordiffuse="diffuse_widget">common/white.jpg</texture>
				</control>
				<include content="widget_labels">
					<param name="top">251</param>
					<param name="width">424</param>
					<param name="id">$PARAM[id]</param>
					<param name="mainlabel">$PARAM[mainlabel]</param>
					<param name="sublabel">$PARAM[sublabel]</param>
					<param name="focused">$PARAM[focused]</param>
					<param name="labels_visible">$PARAM[labels_visible]</param>
				</include>
			</control>
		</definition>
	</include>
	<!-- Landscape DB -->
	<include name="LandscapeLayout_Size2">
		<param name="mainlabel">$VAR[MainListLabel]</param>
		<param name="sublabel">$VAR[SubListLabel]</param>
		<param name="thumblabel">$VAR[MainListLabel]</param>
		<param name="focused">false</param>
		<param name="visible">true</param>
		<definition>
			<control type="group">
				<visible>$PARAM[visible]</visible>
				<control type="image">
					<top>-2</top>
					<left>-2</left>
					<width>436</width>
					<height>248</height>
					<texture>items/shadow_wide_db.png</texture>
				</control>
				<control type="image">
					<width>430</width>
					<height>242</height>
					<texture colordiffuse="thumb_background_fallback" diffuse="items/mask_wide_db.png">common/white.jpg</texture>
					<aspectratio scalediffuse="false">stretch</aspectratio>
					<visible>String.IsEmpty(ListItem.Icon) | String.StartsWith(ListItem.Icon,Default)</visible>
				</control>
				<control type="image">
					<width>430</width>
					<height>242</height>
					<texture colordiffuse="thumb_background" diffuse="items/mask_wide_db.png">common/white.jpg</texture>
					<aspectratio scalediffuse="false">stretch</aspectratio>
					<visible>!String.IsEmpty(ListItem.Icon) + !String.StartsWith(ListItem.Icon,Default)</visible>
				</control>
				<control type="textbox">
					<top>10</top>
					<left>10</left>
					<width>410</width>
					<height>222</height>
					<font>Light24</font>
					<textcolor>white</textcolor>
					<align>center</align>
					<aligny>center</aligny>
					<label>$PARAM[thumblabel]</label>
					<visible>String.IsEmpty(ListItem.Icon) | String.StartsWith(ListItem.Icon,Default)</visible>
				</control>
				<control type="image">
					<width>430</width>
					<height>242</height>
					<texture diffuse="items/mask_wide_db.png" background="true">$INFO[ListItem.Icon]</texture>
					<aspectratio scalediffuse="false">keep</aspectratio>
					<bordersize>20</bordersize>
					<visible>String.StartsWith(ListItem.Path,pvr://) + !String.StartsWith(ListItem.Icon,Default)</visible>
				</control>
				<control type="image">
					<width>430</width>
					<height>242</height>
					<texture diffuse="items/mask_wide_db.png" background="true">$VAR[IconLandscape]</texture>
					<aspectratio scalediffuse="false">scale</aspectratio>
					<visible>!String.StartsWith(ListItem.Path,pvr://) + !String.StartsWith(ListItem.Icon,Default)</visible>
				</control>
				<control type="group">
					<width>430</width>
					<height>242</height>
					<include>bubble_overlay</include>
					<include>bubble_play</include>
				</control>
				<include content="progress">
					<param name="top" value="238"/>
					<param name="width" value="430"/>
				</include>
				<control type="image">
					<left>-12</left>
					<top>-7</top>
					<width>454</width>
					<height>266</height>
					<texture colordiffuse="focus_widget">items/focus_wide_db.png</texture>
					<aspectratio>stretch</aspectratio>
					<visible>$PARAM[focused] + Control.HasFocus($PARAM[id])</visible>
					<include condition="$PARAM[focused]">Animation_FocusTextureFade</include>
				</control>
				<control type="image">
					<include>Widget_Diffuse</include>
					<width>430</width>
					<height>242</height>
					<texture diffuse="items/mask_wide.png" colordiffuse="diffuse_widget">common/white.jpg</texture>
				</control>
				<include content="widget_labels">
					<param name="top">254</param>
					<param name="width">430</param>
					<param name="id">$PARAM[id]</param>
					<param name="mainlabel">$PARAM[mainlabel]</param>
					<param name="sublabel">$PARAM[sublabel]</param>
					<param name="focused">$PARAM[focused]</param>
					<param name="labels_visible">$PARAM[labels_visible]</param>
				</include>
			</control>
		</definition>
	</include>
	<!-- Landscape Settings-->
	<include name="LandscapeLayoutSettings">
		<param name="mainlabel">$VAR[MainListLabel]</param>
		<param name="sublabel">$VAR[SubListLabel]</param>
		<param name="thumblabel">$VAR[MainListLabel]</param>
		<param name="focused">false</param>
		<param name="visible">true</param>
		<definition>
			<control type="group">
				<visible>$PARAM[visible]</visible>
				<control type="image">
					<top>-2</top>
					<left>-2</left>
					<width>430</width>
					<height>245</height>
					<texture>items/shadow_wide.png</texture>
				</control>
				<control type="image">
					<width>424</width>
					<height>239</height>
					<texture colordiffuse="thumb_background_fallback_secondary" diffuse="items/mask_wide.png">common/white.jpg</texture>
					<aspectratio scalediffuse="false">stretch</aspectratio>
				</control>
				<control type="textbox">
					<top>10</top>
					<left>10</left>
					<width>404</width>
					<height>219</height>
					<font>Material70</font>
					<textcolor>EEFFFFFF</textcolor>
					<align>center</align>
					<aligny>center</aligny>
					<label>$PARAM[thumblabel]</label>
					<visible>String.IsEmpty(ListItem.Icon) | String.StartsWith(ListItem.Icon,Default)</visible>
				</control>
				<control type="image">
					<left>-12</left>
					<top>-7</top>
					<width>448</width>
					<height>263</height>
					<texture colordiffuse="focus_widget">items/focus_wide.png</texture>
					<aspectratio>stretch</aspectratio>
					<visible>$PARAM[focused] + Control.HasFocus($PARAM[id])</visible>
					<include condition="$PARAM[focused]">Animation_FocusTextureFade</include>
				</control>
				<control type="image">
					<include>Widget_Diffuse</include>
					<width>424</width>
					<height>239</height>
					<texture diffuse="items/mask_wide.png" colordiffuse="diffuse_widget">common/white.jpg</texture>
				</control>
				<include content="widget_labels">
					<param name="top">251</param>
					<param name="width">424</param>
					<param name="id">$PARAM[id]</param>
					<param name="mainlabel">$PARAM[mainlabel]</param>
					<param name="sublabel">$PARAM[sublabel]</param>
					<param name="focused">$PARAM[focused]</param>
					<param name="labels_visible">$PARAM[labels_visible]</param>
				</include>
			</control>
		</definition>
	</include>

	<!-- Square -->
	<include name="SquareLayout">
		<param name="mainlabel">$VAR[MainListLabel]</param>
		<param name="sublabel">$VAR[SubListLabel]</param>
		<param name="thumblabel">$VAR[MainListLabel]</param>
		<param name="focused">false</param>
		<param name="visible">true</param>
		<definition>
			<control type="group">
				<visible>$PARAM[visible]</visible>
				<control type="image">
					<top>-2</top>
					<left>-2</left>
					<width>282</width>
					<height>282</height>
					<texture>items/shadow_square.png</texture>
				</control>
				<control type="image">
					<width>276</width>
					<height>276</height>
					<texture colordiffuse="thumb_background_fallback" diffuse="items/mask_square.png">common/white.jpg</texture>
					<aspectratio>stretch</aspectratio>
					<visible>String.IsEmpty(ListItem.Icon) | String.StartsWith(ListItem.Icon,Default)</visible>
				</control>
				<control type="image">
					<width>276</width>
					<height>276</height>
					<texture colordiffuse="thumb_background" diffuse="items/mask_square.png">common/white.jpg</texture>
					<aspectratio scalediffuse="false">stretch</aspectratio>
					<visible>!String.IsEmpty(ListItem.Icon) + !String.StartsWith(ListItem.Icon,Default)</visible>
				</control>
				<control type="textbox">
					<top>10</top>
					<left>10</left>
					<width>256</width>
					<height>256</height>
					<font>Light24</font>
					<textcolor>white</textcolor>
					<align>center</align>
					<aligny>center</aligny>
					<label>$PARAM[thumblabel]</label>
					<visible>String.IsEmpty(ListItem.Icon) | String.StartsWith(ListItem.Icon,Default)</visible>
				</control>
				<control type="image">
					<width>276</width>
					<height>276</height>
					<texture diffuse="items/mask_square.png" background="true">$INFO[ListItem.Icon]</texture>
					<aspectratio scalediffuse="false">stretch</aspectratio>
					<visible>!String.StartsWith(ListItem.Path,pvr://) + !String.StartsWith(ListItem.Icon,Default)</visible>
				</control>
				<control type="image">
					<width>276</width>
					<height>276</height>
					<texture diffuse="items/mask_square.png" background="true">$INFO[ListItem.Icon]</texture>
					<aspectratio scalediffuse="false">keep</aspectratio>
					<bordersize>20</bordersize>
					<visible>String.StartsWith(ListItem.Path,pvr://) + !String.StartsWith(ListItem.Icon,Default)</visible>
				</control>
				<control type="group">
					<width>276</width>
					<height>276</height>
					<include>bubble_overlay</include>
					<include>bubble_play</include>
				</control>
				<include content="progress">
					<param name="top" value="273"/>
					<param name="width" value="276"/>
				</include>
				<control type="image">
					<left>-12</left>
					<top>-7</top>
					<width>300</width>
					<height>300</height>
					<texture colordiffuse="focus_widget">items/focus_square.png</texture>
					<aspectratio>stretch</aspectratio>
					<visible>$PARAM[focused] + Control.HasFocus($PARAM[id])</visible>
					<include condition="$PARAM[focused]">Animation_FocusTextureFade</include>
				</control>
				<control type="image">
					<include>Widget_Diffuse</include>
					<width>276</width>
					<height>276</height>
					<texture diffuse="items/mask_wide.png" colordiffuse="diffuse_widget">common/white.jpg</texture>
				</control>
				<include content="widget_labels">
					<param name="top">288</param>
					<param name="width">276</param>
					<param name="id">$PARAM[id]</param>
					<param name="mainlabel">$PARAM[mainlabel]</param>
					<param name="sublabel">$PARAM[sublabel]</param>
					<param name="focused">$PARAM[focused]</param>
					<param name="labels_visible">$PARAM[labels_visible]</param>
				</include>
			</control>
		</definition>
	</include>
	<!-- Square DB -->
	<include name="SquareLayout_Size2">
		<param name="mainlabel">$VAR[MainListLabel]</param>
		<param name="sublabel">$VAR[SubListLabel]</param>
		<param name="thumblabel">$VAR[MainListLabel]</param>
		<param name="focused">false</param>
		<param name="visible">true</param>
		<definition>
			<control type="group">
				<visible>$PARAM[visible]</visible>
				<control type="image">
					<top>-2</top>
					<left>-2</left>
					<width>346</width>
					<height>346</height>
					<texture>items/shadow_square_db.png</texture>
				</control>
				<control type="image">
					<width>340</width>
					<height>340</height>
					<texture colordiffuse="thumb_background_fallback" diffuse="items/mask_square_db.png">common/white.jpg</texture>
					<aspectratio scalediffuse="false">stretch</aspectratio>
					<visible>String.IsEmpty(ListItem.Icon) | String.StartsWith(ListItem.Icon,Default)</visible>
				</control>
				<control type="image">
					<width>340</width>
					<height>340</height>
					<texture colordiffuse="thumb_background" diffuse="items/mask_square_db.png">common/white.jpg</texture>
					<aspectratio scalediffuse="false">stretch</aspectratio>
					<visible>!String.IsEmpty(ListItem.Icon) + !String.StartsWith(ListItem.Icon,Default)</visible>
				</control>
				<control type="textbox">
					<top>10</top>
					<left>10</left>
					<width>320</width>
					<height>320</height>
					<font>Light24</font>
					<textcolor>white</textcolor>
					<align>center</align>
					<aligny>center</aligny>
					<label>$PARAM[thumblabel]</label>
					<visible>String.IsEmpty(ListItem.Icon) | String.StartsWith(ListItem.Icon,Default)</visible>
				</control>
				<control type="image">
					<width>340</width>
					<height>340</height>
					<texture diffuse="items/mask_square_db.png" background="true">$INFO[ListItem.Icon]</texture>
					<aspectratio scalediffuse="false">stretch</aspectratio>
					<visible>!String.StartsWith(ListItem.Path,pvr://) + !String.StartsWith(ListItem.Icon,Default)</visible>
				</control>
				<control type="image">
					<width>340</width>
					<height>340</height>
					<texture diffuse="items/mask_square_db.png" background="true">$INFO[ListItem.Icon]</texture>
					<aspectratio scalediffuse="false">keep</aspectratio>
					<bordersize>20</bordersize>
					<visible>String.StartsWith(ListItem.Path,pvr://) + !String.StartsWith(ListItem.Icon,Default)</visible>
				</control>
				<control type="group">
					<width>340</width>
					<height>340</height>
					<include>bubble_overlay</include>
					<include>bubble_play</include>
				</control>
				<include content="progress">
					<param name="top" value="336"/>
					<param name="width" value="340"/>
				</include>
				<control type="image">
					<left>-12</left>
					<top>-7</top>
					<width>364</width>
					<height>364</height>
					<texture colordiffuse="focus_widget">items/focus_square_db.png</texture>
					<aspectratio>stretch</aspectratio>
					<visible>$PARAM[focused] + Control.HasFocus($PARAM[id])</visible>
					<include condition="$PARAM[focused]">Animation_FocusTextureFade</include>
				</control>
				<control type="image">
					<include>Widget_Diffuse</include>
					<width>340</width>
					<height>340</height>
					<texture diffuse="items/mask_wide.png" colordiffuse="diffuse_widget">common/white.jpg</texture>
				</control>
				<include content="widget_labels">
					<param name="top">352</param>
					<param name="width">340</param>
					<param name="id">$PARAM[id]</param>
					<param name="mainlabel">$PARAM[mainlabel]</param>
					<param name="sublabel">$PARAM[sublabel]</param>
					<param name="focused">$PARAM[focused]</param>
					<param name="labels_visible">$PARAM[labels_visible]</param>
				</include>
			</control>
		</definition>
	</include>

	<!-- Profiles -->
	<include name="ProfileLayout">
		<param name="mainlabel">$VAR[MainListLabel]</param>
		<param name="sublabel">$VAR[SubListLabel]</param>
		<param name="thumblabel">$VAR[MainListLabel]</param>
		<param name="focused">false</param>
		<param name="visible">true</param>
		<definition>
			<control type="group">
				<visible>$PARAM[visible]</visible>
				<control type="image">
					<top>-2</top>
					<left>-2</left>
					<width>282</width>
					<height>282</height>
					<texture>items/shadow_square.png</texture>
				</control>
				<control type="image">
					<width>276</width>
					<height>322</height>
					<texture colordiffuse="panel">common/white.jpg</texture>
					<aspectratio scalediffuse="false">stretch</aspectratio>
				</control>
				<control type="image">
					<width>276</width>
					<height>276</height>
					<texture colordiffuse="thumb_background_fallback_secondary" diffuse="items/mask_square.png">common/white.jpg</texture>
					<aspectratio>stretch</aspectratio>
					<visible>String.IsEmpty(ListItem.Icon) | String.StartsWith(ListItem.Icon,Default)</visible>
				</control>
				<control type="image">
					<width>276</width>
					<height>276</height>
					<texture diffuse="items/mask_square.png" background="true">views/profile/logindefault.png</texture>
					<aspectratio scalediffuse="false">stretch</aspectratio>
					<visible>String.IsEmpty(ListItem.Icon) | String.StartsWith(ListItem.Icon,Default)</visible>
				</control>
				<control type="image">
					<width>276</width>
					<height>276</height>
					<texture diffuse="items/mask_square.png" background="true">$INFO[ListItem.Icon]</texture>
					<aspectratio scalediffuse="false">stretch</aspectratio>
					<visible>!String.StartsWith(ListItem.Icon,Default)</visible>
				</control>
				<control type="image">
					<left>-12</left>
					<top>-7</top>
					<width>300</width>
					<height>300</height>
					<texture colordiffuse="focus_widget">items/focus_square.png</texture>
					<aspectratio>stretch</aspectratio>
					<visible>$PARAM[focused] + Control.HasFocus($PARAM[id])</visible>
					<include condition="$PARAM[focused]">Animation_FocusTextureFade</include>
				</control>
				<control type="image">
					<include>Widget_Diffuse</include>
					<width>276</width>
					<height>276</height>
					<texture diffuse="items/mask_square.png" colordiffuse="diffuse_widget">common/white.jpg</texture>
				</control>
				<include content="widget_labels">
					<param name="top">288</param>
					<param name="width">276</param>
					<param name="id">$PARAM[id]</param>
					<param name="mainlabel">$PARAM[mainlabel]</param>
					<param name="sublabel">$PARAM[sublabel]</param>
					<param name="focused">$PARAM[focused]</param>
					<param name="labels_visible">$PARAM[labels_visible]</param>
				</include>
			</control>
		</definition>
	</include>

	<!-- Genre -->
	<include name="GenreLayout">
		<param name="mainlabel">$VAR[MainListLabel]</param>
		<param name="sublabel">$VAR[SubListLabel]</param>
		<param name="thumblabel">$VAR[MainListLabel]</param>
		<param name="focused">false</param>
		<param name="visible">true</param>
		<definition>
			<control type="group">
				<visible>$PARAM[visible]</visible>
				<control type="image">
					<top>-2</top>
					<left>-2</left>
					<width>430</width>
					<height>245</height>
					<texture>items/shadow_wide.png</texture>
				</control>
				<control type="image">
					<width>424</width>
					<height>239</height>
					<texture colordiffuse="ff010202" diffuse="items/mask_wide.png">common/white.jpg</texture>
					<aspectratio  scalediffuse="false">stretch</aspectratio>
					<visible>!String.IsEmpty(ListItem.Art(poster.0))</visible>
				</control>
				<control type="image">
					<width>424</width>
					<height>239</height>
					<texture colordiffuse="thumb_background_fallback" diffuse="items/mask_wide.png">common/white.jpg</texture>
					<aspectratio  scalediffuse="false">stretch</aspectratio>
					<visible>String.IsEmpty(ListItem.Art(poster.0))</visible>
				</control>
				<control type="textbox">
					<top>10</top>
					<left>10</left>
					<width>404</width>
					<height>219</height>
					<font>Light24</font>
					<textcolor>white</textcolor>
					<align>center</align>
					<aligny>center</aligny>
					<label>$PARAM[thumblabel]</label>
					<visible>String.IsEmpty(ListItem.Art(poster.0))</visible>
				</control>
				<control type="group">
					<left>5</left>
					<top>5</top>
					<control type="image">
						<width>99</width>
						<height>169</height>
						<texture background="true">$INFO[ListItem.Art(poster.0)]</texture>
						<aspectratio>scale</aspectratio>
					</control>
					<control type="image">
						<left>105</left>
						<width>99</width>
						<height>169</height>
						<texture background="true">$INFO[ListItem.Art(poster.1)]</texture>
						<aspectratio>scale</aspectratio>
					</control>
					<control type="image">
						<left>210</left>
						<width>99</width>
						<height>169</height>
						<texture background="true">$INFO[ListItem.Art(poster.2)]</texture>
						<aspectratio>scale</aspectratio>
					</control>
					<control type="image">
						<left>315</left>
						<width>99</width>
						<height>169</height>
						<texture background="true">$INFO[ListItem.Art(poster.3)]</texture>
						<aspectratio>scale</aspectratio>
					</control>
				</control>
				<control type="group">
					<left>5</left>
					<top>177</top>
					<control type="image">
						<width>99</width>
						<height>169</height>
						<texture flipy="true" diffuse="items/mirror_mask.png" background="true">$INFO[ListItem.Art(poster.0)]</texture>
						<aspectratio scalediffuse="false">scale</aspectratio>
					</control>
					<control type="image">
						<left>105</left>
						<left>67</left>
						<width>99</width>
						<height>169</height>
						<texture flipy="true" diffuse="items/mirror_mask.png" background="true">$INFO[ListItem.Art(poster.1)]</texture>
						<aspectratio scalediffuse="false">scale</aspectratio>
					</control>
					<control type="image">
						<left>210</left>
						<width>99</width>
						<height>169</height>
						<texture flipy="true" diffuse="items/mirror_mask.png" background="true">$INFO[ListItem.Art(poster.2)]</texture>
						<aspectratio scalediffuse="false">scale</aspectratio>
					</control>
					<control type="image">
						<left>315</left>
						<width>99</width>
						<height>169</height>
						<texture flipy="true" diffuse="items/mirror_mask.png" background="true">$INFO[ListItem.Art(poster.3)]</texture>
						<aspectratio scalediffuse="false">scale</aspectratio>
					</control>
				</control>
				<control type="group">
					<width>424</width>
					<height>239</height>
					<include>bubble_overlay</include>
					<include>bubble_play</include>
				</control>
				<include content="progress">
					<param name="top" value="235"/>
					<param name="width" value="424"/>
				</include>
				<control type="image">
					<left>-12</left>
					<top>-7</top>
					<width>448</width>
					<height>262</height>
					<texture colordiffuse="focus_widget">items/focus_wide.png</texture>
					<aspectratio>stretch</aspectratio>
					<visible>$PARAM[focused] + Control.HasFocus($PARAM[id])</visible>
					<include condition="$PARAM[focused]">Animation_FocusTextureFade</include>
				</control>
				<control type="image">
					<include>Widget_Diffuse</include>
					<width>424</width>
					<height>239</height>
					<texture diffuse="items/mask_wide.png" colordiffuse="diffuse_widget">common/white.jpg</texture>
				</control>
				<include content="widget_labels">
					<param name="top">251</param>
					<param name="width">424</param>
					<param name="id">$PARAM[id]</param>
					<param name="mainlabel">$PARAM[mainlabel]</param>
					<param name="sublabel">$PARAM[sublabel]</param>
					<param name="focused">$PARAM[focused]</param>
					<param name="labels_visible">$PARAM[labels_visible]</param>
				</include>
			</control>
		</definition>
	</include>

	<!-- Button -->
	<include name="MainMenuLayout">
		<param name="focused">false</param>
		<definition>
			<control type="image">
				<top>-2</top>
				<left>-2</left>
				<width>283</width>
				<height>162</height>
				<texture>items/shadow_button.png</texture>
			</control>
			<control type="group">
				<visible>!String.IsEmpty(ListItem.Icon) | !String.IsEmpty(ListItem.Property(embyart))</visible>
				<control type="image">
					<width>277</width>
					<height>156</height>
					<texture diffuse="items/mask_button.png" background="true">$INFO[ListItem.Icon]</texture>
					<aspectratio scalediffuse="false">scale</aspectratio>
					<visible>!String.IsEmpty(ListItem.Icon)</visible>
				</control>
				<control type="image">
					<width>277</width>
					<height>156</height>
					<texture diffuse="items/mask_button.png" background="true">$INFO[ListItem.Property(embyart)]</texture>
					<aspectratio scalediffuse="false">scale</aspectratio>
					<visible>String.IsEmpty(ListItem.Icon)</visible>
				</control>
			</control>
			<control type="group">
				<visible>String.IsEmpty(ListItem.Icon) + String.IsEmpty(ListItem.Property(embyart)) + [String.IsEmpty(ListItem.Property(Art1)) | String.IsEmpty(ListItem.Property(Art2)) | String.IsEmpty(ListItem.Property(Art3)) | String.IsEmpty(ListItem.Property(Art4))]</visible>
				<control type="image">
					<width>277</width>
					<height>156</height>
					<texture colordiffuse="thumb_background_fallback_secondary">items/mask_button.png</texture>
					<aspectratio>stretch</aspectratio>
				</control>
				<control type="label">
					<width>277</width>
					<height>156</height>
					<font>Light24</font>
					<textcolor>white</textcolor>
					<textoffsetx>10</textoffsetx>
					<align>center</align>
					<aligny>center</aligny>
					<label>$INFO[ListItem.Label]</label>
				</control>
			</control>
			<control type="group">
				<visible>String.IsEmpty(ListItem.Icon) + String.IsEmpty(ListItem.Property(embyart)) + !String.IsEmpty(ListItem.Property(Art1)) + !String.IsEmpty(ListItem.Property(Art2)) + !String.IsEmpty(ListItem.Property(Art3)) + !String.IsEmpty(ListItem.Property(Art4))</visible>
				<top>2</top>
				<width>277</width>
				<control type="image">
					<top>-2</top>
					<width>277</width>
					<height>156</height>
					<texture colordiffuse="ff010202">items/mask_button.png</texture>
				</control>
				<!-- art 1 -->
				<control type="group">
					<width>66</width>
					<left>3</left>
					<control type="image">
						<height>108</height>
						<texture colordiffuse="thumb_background">common/white.jpg</texture>
						<aspectratio>scale</aspectratio>
					</control>
					<control type="image">
						<height>108</height>
						<texture background="true">$INFO[ListItem.Property(Art1)]</texture>
						<aspectratio>scale</aspectratio>
					</control>
					<control type="image">
						<top>113</top>
						<height>108</height>
						<texture flipy="true" diffuse="items/mirror_mask.png" colordiffuse="thumb_background">common/white.jpg</texture>
						<aspectratio scalediffuse="false">scale</aspectratio>
					</control>
					<control type="image">
						<top>113</top>
						<height>108</height>
						<texture flipy="true" diffuse="items/mirror_mask.png" background="true">$INFO[ListItem.Property(Art1)]</texture>
						<aspectratio scalediffuse="false">scale</aspectratio>
					</control>
				</control>
				<!-- art 2 -->
				<control type="group">
					<width>65</width>
					<left>72</left>
					<control type="image">
						<width>65</width>
						<height>108</height>
						<texture colordiffuse="thumb_background">common/white.jpg</texture>
						<aspectratio>scale</aspectratio>
					</control>
					<control type="image">
						<height>108</height>
						<texture background="true">$INFO[ListItem.Property(Art2)]</texture>
						<aspectratio>scale</aspectratio>
					</control>
					<control type="image">
						<top>111</top>
						<height>108</height>
						<texture flipy="true" diffuse="items/mirror_mask.png" colordiffuse="thumb_background">common/white.jpg</texture>
						<aspectratio scalediffuse="false">scale</aspectratio>
					</control>
					<control type="image">
						<top>111</top>
						<height>108</height>
						<texture flipy="true" diffuse="items/mirror_mask.png" background="true">$INFO[ListItem.Property(Art2)]</texture>
						<aspectratio scalediffuse="false">scale</aspectratio>
					</control>
				</control>
				<!-- art 3 -->
				<control type="group">
					<width>65</width>
					<left>140</left>
					<control type="image">
						<height>108</height>
						<texture colordiffuse="thumb_background">common/white.jpg</texture>
						<aspectratio>scale</aspectratio>
					</control>
					<control type="image">
						<height>108</height>
						<texture background="true">$INFO[ListItem.Property(Art3)]</texture>
						<aspectratio>scale</aspectratio>
					</control>
					<control type="image">
						<top>111</top>
						<height>108</height>
						<texture flipy="true" diffuse="items/mirror_mask.png" colordiffuse="thumb_background">common/white.jpg</texture>
						<aspectratio scalediffuse="false">scale</aspectratio>
					</control>
					<control type="image">
						<top>111</top>
						<height>108</height>
						<texture flipy="true" diffuse="items/mirror_mask.png" background="true">$INFO[ListItem.Property(Art3)]</texture>
						<aspectratio scalediffuse="false">scale</aspectratio>
					</control>
				</control>
				<!-- art 4 -->
				<control type="group">
					<width>66</width>
					<left>208</left>
					<control type="image">
						<height>108</height>
						<texture colordiffuse="thumb_background">common/white.jpg</texture>
						<aspectratio>scale</aspectratio>
					</control>
					<control type="image">
						<height>108</height>
						<texture background="true">$INFO[ListItem.Property(Art4)]</texture>
						<aspectratio>scale</aspectratio>
					</control>
					<control type="image">
						<top>111</top>
						<height>108</height>
						<texture flipy="true" diffuse="items/mirror_mask.png" colordiffuse="thumb_background">common/white.jpg</texture>
						<aspectratio scalediffuse="false">scale</aspectratio>
					</control>
					<control type="image">
						<top>111</top>
						<height>108</height>
						<texture flipy="true" diffuse="items/mirror_mask.png" background="true">$INFO[ListItem.Property(Art4)]</texture>
						<aspectratio scalediffuse="false">scale</aspectratio>
					</control>
				</control>
			</control>
			<control type="image">
				<left>-12</left>
				<top>-7</top>
				<width>301</width>
				<height>180</height>
				<texture colordiffuse="focus_widget">items/focus_button.png</texture>
				<aspectratio>stretch</aspectratio>
				<visible>$PARAM[focused] + Control.HasFocus($PARAM[id])</visible>
				<include condition="$PARAM[focused]">Animation_FocusTextureFade</include>
			</control>
			<control type="image">
				<include>Widget_Diffuse</include>
				<width>278</width>
				<height>156</height>
				<texture diffuse="items/mask_wide.png" colordiffuse="diffuse_widget">common/white.jpg</texture>
			</control>
			<include content="widget_labels">
				<param name="top">166</param>
				<param name="width">278</param>
				<param name="id">$PARAM[id]</param>
				<param name="mainlabel">$PARAM[mainlabel]</param>
				<param name="sublabel">$PARAM[sublabel]</param>
				<param name="focused">$PARAM[focused]</param>
				<param name="labels_visible">$PARAM[labels_visible]</param>
			</include>
		</definition>
	</include>

	<!-- List -->
	<include name="ListLayout">
		<param name="focused">false</param>
		<param name="mainlabel">$VAR[MainListLabel]</param>
		<param name="sublabel">$VAR[SubListLabel]</param>
		<param name="rightlabel">$VAR[RightListLabel]</param>
		<param name="rightlabel2">$VAR[RightListLabel2]</param>
		<definition>
			<control type="image">
				<left>-70</left>
				<top>-5</top>
				<height>120</height>
				<width>1170</width>
				<texture colordiffuse="list_hover">common/white.jpg</texture>
				<aspectratio>stretch</aspectratio>
				<visible>$PARAM[focused] + Control.HasFocus($PARAM[id])</visible>
			</control>
			<control type="group">
				<visible>![[Container.Content(tvshows) | Container.Content(movies) | String.IsEqual(ListItem.DBType,movie) | String.IsEqual(ListItem.DBType,tvshow)] + [!String.IsEmpty(ListItem.Art(poster)) | !String.IsEmpty(ListItem.Art(tvshow.poster))]]</visible>
				<top>22</top>
				<control type="image">
					<width>67</width>
					<height>67</height>
					<texture diffuse="items/mask_square_mini.png" background="true">$INFO[ListItem.Icon]</texture>
					<aspectratio scalediffuse="false">keep</aspectratio>
					<bordersize>0</bordersize>
					<visible>!String.IsEmpty(ListItem.Icon)</visible>
				</control>
				<control type="image">
					<width>67</width>
					<height>67</height>
					<texture diffuse="items/mask_square_mini.png" background="true">DefaultIconError.png</texture>
					<aspectratio scalediffuse="false">keep</aspectratio>
					<bordersize>0</bordersize>
					<visible>String.IsEmpty(ListItem.Icon)</visible>
				</control>
			</control>
			<control type="group">
				<visible>[Container.Content(tvshows) | Container.Content(movies) | String.IsEqual(ListItem.DBType,movie) | String.IsEqual(ListItem.DBType,tvshow)] + [!String.IsEmpty(ListItem.Art(poster)) | !String.IsEmpty(ListItem.Art(tvshow.poster))]</visible>
				<top>5</top>
				<control type="image">
					<top>-2</top>
					<left>-2</left>
					<width>73</width>
					<height>106</height>
					<texture>items/shadow_poster_mini.png</texture>
				</control>
				<control type="image">
					<width>67</width>
					<height>100</height>
					<texture diffuse="items/mask_poster_mini.png" background="true">$VAR[IconPoster]</texture>
					<aspectratio scalediffuse="false">stretch</aspectratio>
				</control>
				<include content="bubble_mini_overlay">
					<param name="left" value="45"/>
					<param name="top" value="5"/>
				</include>
			</control>
			<control type="group">
				<visible>$EXP[CenterListItems]</visible>
				<top>-6</top>
				<control type="label">
					<left>100</left>
					<right>250</right>
					<height>120</height>
					<font>Reg24</font>
					<aligny>center</aligny>
					<label>$PARAM[mainlabel]</label>
				</control>
				<control type="label">
					<right>0</right>
					<width>300</width>
					<height>120</height>
					<align>right</align>
					<aligny>center</aligny>
					<font>reg24</font>
					<label>$PARAM[rightlabel]</label>
				</control>
			</control>
			<control type="group">
				<visible>!$EXP[CenterListItems]</visible>
				<control type="label">
					<top>23</top>
					<left>100</left>
					<right>250</right>
					<height>31</height>
					<font>Reg24</font>
					<label>$PARAM[mainlabel]</label>
				</control>
				<control type="label">
					<left>100</left>
					<top>57</top>
					<right>250</right>
					<height>31</height>
					<font>reg24</font>
					<textcolor>lightgrey</textcolor>
					<label>$PARAM[sublabel]</label>
				</control>
				<control type="label">
					<top>23</top>
					<right>0</right>
					<width>300</width>
					<height>31</height>
					<align>right</align>
					<font>reg24</font>
					<label>$PARAM[rightlabel]</label>
				</control>
				<control type="label">
					<top>57</top>
					<right>0</right>
					<width>300</width>
					<height>31</height>
					<align>right</align>
					<font>reg24</font>
					<textcolor>lightgrey</textcolor>
					<label>$PARAM[rightlabel2]</label>
				</control>
			</control>
		</definition>
	</include>

	<!-- Square Favourites -->
	<include name="SquareFavourits">
		<param name="mainlabel">$VAR[MainListLabel]</param>
		<param name="sublabel">$VAR[SubListLabel]</param>
		<param name="thumblabel">$VAR[MainListLabel]</param>
		<param name="focused">false</param>
		<param name="visible">true</param>
		<definition>
			<control type="group">
				<visible>$PARAM[visible]</visible>
				<control type="image">
					<top>-2</top>
					<left>-2</left>
					<width>282</width>
					<height>282</height>
					<texture>items/shadow_square_db.png</texture>
				</control>
				<control type="image">
					<width>276</width>
					<height>276</height>
					<texture colordiffuse="thumb_background_fallback" diffuse="items/mask_square_db.png">common/white.jpg</texture>
					<aspectratio scalediffuse="false">stretch</aspectratio>
					<visible>String.IsEmpty(ListItem.Icon) | String.StartsWith(ListItem.Icon,Default)</visible>
				</control>
				<control type="image">
					<width>276</width>
					<height>276</height>
					<texture colordiffuse="thumb_background" diffuse="items/mask_square_db.png">common/white.jpg</texture>
					<aspectratio scalediffuse="false">stretch</aspectratio>
					<visible>!String.IsEmpty(ListItem.Icon) + !String.StartsWith(ListItem.Icon,Default)</visible>
				</control>
				<control type="textbox">
					<top>10</top>
					<left>10</left>
					<width>256</width>
					<height>256</height>
					<font>Light24</font>
					<textcolor>white</textcolor>
					<align>center</align>
					<aligny>center</aligny>
					<label>$PARAM[thumblabel]</label>
					<visible>String.IsEmpty(ListItem.Icon) | String.StartsWith(ListItem.Icon,Default)</visible>
				</control>
				<control type="image">
					<width>276</width>
					<height>276</height>
					<texture diffuse="items/mask_square_db.png" background="true">$INFO[ListItem.Icon]</texture>
					<aspectratio scalediffuse="true">keep</aspectratio>
					<bordersize>20</bordersize>
					<visible>!String.StartsWith(ListItem.Icon,Default)</visible>
				</control>
				<control type="image">
					<left>-12</left>
					<top>-7</top>
					<width>300</width>
					<height>300</height>
					<texture colordiffuse="focus_widget">items/focus_square_db.png</texture>
					<aspectratio>stretch</aspectratio>
					<visible>$PARAM[focused] + Control.HasFocus($PARAM[id])</visible>
					<include condition="$PARAM[focused]">Animation_FocusTextureFade</include>
				</control>
				<control type="image">
					<include>Widget_Diffuse</include>
					<width>276</width>
					<height>276</height>
					<texture diffuse="items/mask_wide.png" colordiffuse="diffuse_widget">common/white.jpg</texture>
				</control>
				<include content="widget_labels">
					<param name="top">288</param>
					<param name="width">276</param>
					<param name="id">$PARAM[id]</param>
					<param name="mainlabel">$PARAM[mainlabel]</param>
					<param name="sublabel">$PARAM[sublabel]</param>
					<param name="focused">$PARAM[focused]</param>
					<param name="labels_visible">$PARAM[labels_visible]</param>
				</include>
			</control>
		</definition>
	</include>

	<!-- List -->
	<include name="PVROSDLayout">
		<param name="focused">false</param>
		<definition>
			<control type="group">
				<left>25</left>
				<right>25</right>
				<control type="image">
					<top>-5</top>
					<left>-25</left>
					<right>-25</right>
					<height>1</height>
					<texture colordiffuse="list_hover">common/white.jpg</texture>
					<aspectratio>stretch</aspectratio>
					<visible>!$PARAM[focused]</visible>
				</control>
				<control type="image">
					<left>-25</left>
					<right>-25</right>
					<top>-5</top>
					<height>110</height>
					<texture colordiffuse="list_hover">common/white.jpg</texture>
					<aspectratio>stretch</aspectratio>
					<visible>$PARAM[focused]</visible>
				</control>
				<control type="image">
					<top>15</top>
					<width>67</width>
					<height>67</height>
					<texture background="true">$INFO[ListItem.Icon]</texture>
					<aspectratio scalediffuse="false">keep</aspectratio>
				</control>
				<control type="label">
					<top>20</top>
					<left>100</left>
					<width>990</width>
					<height>31</height>
					<font>Reg24</font>
					<label>$PARAM[mainlabel]</label>
				</control>
				<control type="label">
					<left>100</left>
					<top>51</top>
					<width>990</width>
					<height>31</height>
					<font>reg24</font>
					<textcolor>lightgrey</textcolor>
					<label>$PARAM[sublabel]</label>
				</control>
				<control type="label">
					<top>20</top>
					<right>0</right>
					<width>400</width>
					<height>31</height>
					<align>right</align>
					<font>reg24</font>
					<label>$PARAM[rightlabel]</label>
				</control>
				<control type="label">
					<top>51</top>
					<right>0</right>
					<width>400</width>
					<height>31</height>
					<align>right</align>
					<font>reg24</font>
					<textcolor>lightgrey</textcolor>
					<label>$PARAM[rightlabel2]</label>
				</control>
			</control>
		</definition>
	</include>
</includes>
