<?xml version="1.0" encoding="UTF-8"?>
<includes>
	<include file="Defaults.xml" />
	<include file="Embuary_Widgets.xml" />
	<include file="Embuary_InfoDialog.xml" />
	<include file="Embuary_PlaylistLayouts.xml" />
	<include file="Embuary_VideoInfoDialog.xml" />
	<include file="Embuary_ItemLayouts.xml" />
	<include file="Embuary_Includes.xml" />
	<include file="Embuary_LabelButtonIncludes.xml" />
	<include file="Embuary_MetaIncludes.xml" />
	<include file="Embuary_HeaderBar.xml" />
	<include file="Embuary_Animations.xml" />
	<include file="Embuary_Variables.xml" />
	<include file="Embuary_Wide_View_50.xml" />
	<include file="Embuary_Poster_View_51.xml" />
	<include file="Embuary_Square_View_52.xml" />
	<include file="Embuary_List_View_53.xml" />
	<include file="Embuary_Season_View_54.xml" />
	<include file="Embuary_Episode_View_55.xml" />
	<include file="Embuary_Set_View_56.xml" />
	<include file="Embuary_PVRSet_View_57.xml" />
	<include file="Embuary_Banner_View_58.xml" />
	<include file="Embuary_Favourites_View_450.xml" />
	<include file="Embuary_Genre_View.xml" />
	<include file="Embuary_VideoLyrics.xml" />
	<include file="Embuary_HomeIncludes.xml" />
	<include file="Embuary_EmbyHubIncludes.xml" />
	<include file="Embuary_EmbyConHubIncludes.xml" />

	<expression name="HolidayThemeSound">!String.StartsWith(Player.Filenameandpath,special://skin/extras) + String.IsEmpty(Window(home).Property(SkinExtraSound)) + [[!Window.Previous(Startup) + Integer.IsGreater(Player.Duration,10)] | [Window.Previous(Startup) + Integer.IsGreater(Player.Duration,31)] | String.IsEmpty(Player.Duration)]</expression>
	<expression name="HolidayTheme">System.Date(12-01,01-06) + !Skin.HasSetting(HideHolidayTheme) + [[!Window.IsVisible(visualisation) + !VideoPlayer.IsFullscreen] | Window.IsActive(fullscreeninfo) |Window.IsActive(script-script.extendedinfo-DialogInfo.xml) | Window.IsActive(script-script.extendedinfo-DialogVideoInfo.xml)]</expression>
	<expression name="HolidayTheme2">System.Date(10-31,10-31) + !Skin.HasSetting(HideHolidayTheme) + [[!Window.IsVisible(visualisation) + !VideoPlayer.IsFullscreen] | Window.IsActive(fullscreeninfo) |Window.IsActive(script-script.extendedinfo-DialogInfo.xml) | Window.IsActive(script-script.extendedinfo-DialogVideoInfo.xml)]</expression>
	<expression name="HideBackground">[!Window.IsVisible(eventlog) + !Window.IsVisible(settingscategory.xml) + !Window.IsVisible(systeminfo) + !Window.IsVisible(skinsettings) + !Window.IsVisible(addonsettings) + !Window.IsVisible(filemanager) + !Window.IsVisible(profiles) + !Window.IsVisible(weather)]</expression>
	<expression name="InfoDialogActive">[Window.IsVisible(musicinformation) | Window.IsActive(songinformation) | Window.IsVisible(movieinformation) | Window.IsVisible(addoninformation) | Window.IsVisible(addonsettings) | Window.IsVisible(pvrguideinfo) | Window.IsVisible(pvrrecordinginfo) | Window.IsVisible(pictureinfo) | Window.IsVisible(fullscreeninfo) | Window.IsVisible(script-script.extendedinfo-DialogVideoInfo.xml) | Window.IsVisible(script-script.extendedinfo-DialogInfo.xml) | Window.IsVisible(script-script.extendedinfo-VideoList.xml)]</expression>
	<expression name="IsGenre">String.StartsWith(Container.Folderpath,plugin://script.skin.helper.widgets/?action=browsegenres)</expression>
	<expression name="WideViewVisible">[!Container.Content(seasons) + !Container.Content(episodes) + !String.Contains(Container.Folderpath,setid) + !Container.Content(albums) + !Container.Content(songs)]</expression>
	<expression name="PosterViewVisible">[!Container.Content(musicvideos) + !Container.Content(seasons) + !Container.Content(episodes) + !String.Contains(Container.Folderpath,setid) + !String.StartsWith(Container.FolderPath,plugin://script.skin.helper.widgets/?action=browsegenres) + Window.IsVisible(myvideonav.xml)]</expression>
	<expression name="SquareViewVisible">[[!Container.Content(seasons) + !Container.Content(episodes) + !Container.Content(movies) + !Container.Content(sets) + !Container.Content(tvshows) + !String.StartsWith(Container.FolderPath,plugin://script.skin.helper.widgets/?action=browsegenres)]]</expression>
	<expression name="SeasonViewVisible">[Container.Content(seasons)]</expression>
	<expression name="ListViewVisible">[[!Container.Content(seasons) + !Container.Content(episodes) + !String.Contains(Container.FolderPath,setid) + !String.StartsWith(Container.FolderPath,plugin://script.skin.helper.widgets/?action=browsegenres)] | [Container.Content(episodes) + String.StartsWith(Container.FolderPath,plugin://) + !String.StartsWith(Container.FolderPath,plugin://plugin.video.embycon)]]</expression>
	<expression name="EpisodeViewVisible">[Container.Content(episodes) + [!String.StartsWith(Container.FolderPath,plugin://) | String.StartsWith(Container.FolderPath,plugin://plugin.video.emby)]]</expression>
	<expression name="BannerViewVisible">[[Container.Content(movies) | Container.Content(tvshows)] + !String.Contains(Container.FolderPath,setid)]</expression>
	<expression name="SetViewVisible">[[Container.Content(movies) | Container.Content(tvshows) | Container.Content(sets)] + !String.StartsWith(Container.FolderPath,plugin://script.skin.helper.widgets/?action=browsegenres)]</expression>
	<expression name="MenuCheck">[String.IsEmpty(Skin.String(home_menu_pos_1)) + String.IsEmpty(Skin.String(home_menu_pos_2)) + String.IsEmpty(Skin.String(home_menu_pos_3)) + String.IsEmpty(Skin.String(home_menu_pos_4)) + String.IsEmpty(Skin.String(home_menu_pos_5)) + String.IsEmpty(Skin.String(home_menu_pos_6)) + String.IsEmpty(Skin.String(home_menu_pos_7)) + String.IsEmpty(Skin.String(home_menu_pos_8)) + String.IsEmpty(Skin.String(home_menu_pos_9)) + String.IsEmpty(Skin.String(home_menu_pos_10)) + String.IsEmpty(Skin.String(home_menu_pos_11)) + String.IsEmpty(Skin.String(home_menu_pos_12)) + String.IsEmpty(Skin.String(home_menu_pos_13)) + String.IsEmpty(Skin.String(home_menu_pos_14)) + String.IsEmpty(Skin.String(home_menu_pos_15)) + String.IsEmpty(Skin.String(home_menu_pos_16)) + String.IsEmpty(Skin.String(home_menu_pos_17)) + String.IsEmpty(Skin.String(home_menu_pos_18)) + String.IsEmpty(Skin.String(home_menu_pos_19)) + String.IsEmpty(Skin.String(home_menu_pos_20)) + String.IsEmpty(Skin.String(home_menu_pos_21)) + String.IsEmpty(Skin.String(home_menu_pos_22))]</expression>
	<expression name="MenuMoviesVisiblity">[Library.HasContent(movies) | System.HasAddon(plugin.video.embycon)]</expression>
	<expression name="MenuTVShowsVisiblity">[Library.HasContent(tvshows) | System.HasAddon(plugin.video.embycon)]</expression>
	<expression name="MenuPVRVisiblity">[Pvr.HasTVChannels]</expression>
	<expression name="MenuMusicVisiblity">[Library.HasContent(music) | System.HasAddon(plugin.video.embycon)]</expression>
	<expression name="MenuMusicvideosVisiblity">[Library.HasContent(musicvideos)]</expression>
	<expression name="MenuEmby0Visiblity">[System.HasAddon(plugin.video.emby) + [String.IsEqual(Window(home).Property(emby.nodes.0.type),movies) | String.IsEqual(Window(home).Property(emby.nodes.0.type),tvshows) | String.IsEqual(Window(home).Property(emby.nodes.0.type),homevideos)]]</expression>
	<expression name="MenuEmby1Visiblity">[System.HasAddon(plugin.video.emby) + [String.IsEqual(Window(home).Property(emby.nodes.1.type),movies) | String.IsEqual(Window(home).Property(emby.nodes.1.type),tvshows) | String.IsEqual(Window(home).Property(emby.nodes.1.type),homevideos)]]</expression>
	<expression name="MenuEmby2Visiblity">[System.HasAddon(plugin.video.emby) + [String.IsEqual(Window(home).Property(emby.nodes.2.type),movies) | String.IsEqual(Window(home).Property(emby.nodes.2.type),tvshows) | String.IsEqual(Window(home).Property(emby.nodes.2.type),homevideos)]]</expression>
	<expression name="MenuEmby3Visiblity">[System.HasAddon(plugin.video.emby) + [String.IsEqual(Window(home).Property(emby.nodes.3.type),movies) | String.IsEqual(Window(home).Property(emby.nodes.3.type),tvshows) | String.IsEqual(Window(home).Property(emby.nodes.3.type),homevideos)]]</expression>
	<expression name="MenuEmby4Visiblity">[System.HasAddon(plugin.video.emby) + [String.IsEqual(Window(home).Property(emby.nodes.4.type),movies) | String.IsEqual(Window(home).Property(emby.nodes.4.type),tvshows) | String.IsEqual(Window(home).Property(emby.nodes.4.type),homevideos)]]</expression>
	<expression name="MenuEmby5Visiblity">[System.HasAddon(plugin.video.emby) + [String.IsEqual(Window(home).Property(emby.nodes.5.type),movies) | String.IsEqual(Window(home).Property(emby.nodes.5.type),tvshows) | String.IsEqual(Window(home).Property(emby.nodes.5.type),homevideos)]]</expression>
	<expression name="MenuEmby6Visiblity">[System.HasAddon(plugin.video.emby) + [String.IsEqual(Window(home).Property(emby.nodes.6.type),movies) | String.IsEqual(Window(home).Property(emby.nodes.6.type),tvshows) | String.IsEqual(Window(home).Property(emby.nodes.6.type),homevideos)]]</expression>
	<expression name="MenuEmby7Visiblity">[System.HasAddon(plugin.video.emby) + [String.IsEqual(Window(home).Property(emby.nodes.7.type),movies) | String.IsEqual(Window(home).Property(emby.nodes.7.type),tvshows) | String.IsEqual(Window(home).Property(emby.nodes.7.type),homevideos)]]</expression>
	<expression name="MenuEmby8Visiblity">[System.HasAddon(plugin.video.emby) + [String.IsEqual(Window(home).Property(emby.nodes.8.type),movies) | String.IsEqual(Window(home).Property(emby.nodes.8.type),tvshows) | String.IsEqual(Window(home).Property(emby.nodes.8.type),homevideos)]]</expression>
	<expression name="MenuEmby9Visiblity">[System.HasAddon(plugin.video.emby) + [String.IsEqual(Window(home).Property(emby.nodes.9.type),movies) | String.IsEqual(Window(home).Property(emby.nodes.9.type),tvshows) | String.IsEqual(Window(home).Property(emby.nodes.9.type),homevideos)]]</expression>
	<expression name="MenuEmbyCon0Visiblity">[System.HasAddon(plugin.video.embycon) + [String.IsEqual(Window(home).Property(plugin.video.embycon-view_item.0.type),movies) | String.IsEqual(Window(home).Property(plugin.video.embycon-view_item.0.type),tvshows) | String.IsEqual(Window(home).Property(plugin.video.embycon-view_item.0.type),music)]]</expression>
	<expression name="MenuEmbyCon1Visiblity">[System.HasAddon(plugin.video.embycon) + [String.IsEqual(Window(home).Property(plugin.video.embycon-view_item.1.type),movies) | String.IsEqual(Window(home).Property(plugin.video.embycon-view_item.1.type),tvshows) | String.IsEqual(Window(home).Property(plugin.video.embycon-view_item.1.type),music)]]</expression>
	<expression name="MenuEmbyCon2Visiblity">[System.HasAddon(plugin.video.embycon) + [String.IsEqual(Window(home).Property(plugin.video.embycon-view_item.2.type),movies) | String.IsEqual(Window(home).Property(plugin.video.embycon-view_item.2.type),tvshows) | String.IsEqual(Window(home).Property(plugin.video.embycon-view_item.2.type),music)]]</expression>
	<expression name="MenuEmbyCon3Visiblity">[System.HasAddon(plugin.video.embycon) + [String.IsEqual(Window(home).Property(plugin.video.embycon-view_item.3.type),movies) | String.IsEqual(Window(home).Property(plugin.video.embycon-view_item.3.type),tvshows) | String.IsEqual(Window(home).Property(plugin.video.embycon-view_item.3.type),music)]]</expression>
	<expression name="MenuEmbyCon4Visiblity">[System.HasAddon(plugin.video.embycon) + [String.IsEqual(Window(home).Property(plugin.video.embycon-view_item.4.type),movies) | String.IsEqual(Window(home).Property(plugin.video.embycon-view_item.4.type),tvshows) | String.IsEqual(Window(home).Property(plugin.video.embycon-view_item.4.type),music)]]</expression>
	<expression name="MenuEmbyCon5Visiblity">[System.HasAddon(plugin.video.embycon) + [String.IsEqual(Window(home).Property(plugin.video.embycon-view_item.5.type),movies) | String.IsEqual(Window(home).Property(plugin.video.embycon-view_item.5.type),tvshows) | String.IsEqual(Window(home).Property(plugin.video.embycon-view_item.5.type),music)]]</expression>
	<expression name="MenuEmbyCon6Visiblity">[System.HasAddon(plugin.video.embycon) + [String.IsEqual(Window(home).Property(plugin.video.embycon-view_item.6.type),movies) | String.IsEqual(Window(home).Property(plugin.video.embycon-view_item.6.type),tvshows) | String.IsEqual(Window(home).Property(plugin.video.embycon-view_item.6.type),music)]]</expression>
	<expression name="MenuEmbyCon7Visiblity">[System.HasAddon(plugin.video.embycon) + [String.IsEqual(Window(home).Property(plugin.video.embycon-view_item.7.type),movies) | String.IsEqual(Window(home).Property(plugin.video.embycon-view_item.7.type),tvshows) | String.IsEqual(Window(home).Property(plugin.video.embycon-view_item.7.type),music)]]</expression>
	<expression name="MenuEmbyCon8Visiblity">[System.HasAddon(plugin.video.embycon) + [String.IsEqual(Window(home).Property(plugin.video.embycon-view_item.8.type),movies) | String.IsEqual(Window(home).Property(plugin.video.embycon-view_item.8.type),tvshows) | String.IsEqual(Window(home).Property(plugin.video.embycon-view_item.8.type),music)]]</expression>
	<expression name="MenuEmbyCon9Visiblity">[System.HasAddon(plugin.video.embycon) + [String.IsEqual(Window(home).Property(plugin.video.embycon-view_item.9.type),movies) | String.IsEqual(Window(home).Property(plugin.video.embycon-view_item.9.type),tvshows) | String.IsEqual(Window(home).Property(plugin.video.embycon-view_item.9.type),music)]]</expression>
	<expression name="CenterListItems">[String.IsEqual(ListItem.FolderPath,pvr://timers/addtimer/) | String.IsEqual(ListItem.DBType,musicvideo) | String.IsEqual(ListItem.Label,..)]</expression>
	<expression name="EmbyConSource">[String.StartsWith(Container.Folderpath,plugin://plugin.video.embycon) | Window.IsVisible(1160) | Window.IsVisible(1161) | Window.IsVisible(1162) | Window.IsVisible(1163) | Window.IsVisible(1164) | Window.IsVisible(1165) | Window.IsVisible(1166) | Window.IsVisible(1167) | Window.IsVisible(1168) | Window.IsVisible(1169)]</expression>

</includes>


