<?xml version="1.0" encoding="utf-8"?><!--450-->
<window>
	<defaultcontrol always="true">10</defaultcontrol>
	<onload condition="Integer.IsGreater(Container(450).NumItems,0)">SetFocus(450)</onload>
	<onload condition="!Integer.IsGreater(Container(450).NumItems,0) + Integer.IsGreater(Container(201).NumItems,0)">SetFocus(201)</onload>
	<onload condition="!Integer.IsGreater(Container(450).NumItems,0) + !Integer.IsGreater(Container(201).NumItems,0) + Integer.IsGreater(Container(202).NumItems,0)">SetFocus(202)</onload>
	<onload condition="!Integer.IsGreater(Container(450).NumItems,0) + !Integer.IsGreater(Container(201).NumItems,0) + !Integer.IsGreater(Container(202).NumItems,0) + Integer.IsGreater(Container(203).NumItems,0)">SetFocus(203)</onload>
	<backgroundcolor>background</backgroundcolor>
	<onunload condition="!String.IsEmpty(Window(home).Property(NextWindow))">ActivateWindow(videos,$INFO[Window(home).Property(NextWindow)])</onunload>
	<onunload condition="!String.IsEmpty(Window(home).Property(PlayItem))">PlayMedia($INFO[Window(home).Property(PlayItem)])</onunload>
	<onunload>ClearProperty(NextWindow,home)</onunload>
	<onunload>ClearProperty(PlayItem,home)</onunload>
	<menucontrol>6666</menucontrol>
	<controls>
		<include>Background</include>
		<control type="grouplist" id="10">
			<include>Window_OpenClose</include>
			<defaultcontrol>10000</defaultcontrol>
			<width>100%</width>
			<height>100%</height>
			<itemgap>-160</itemgap>
			<orientation>vertical</orientation>
			<usecontrolcoords>true</usecontrolcoords>
			<include>ScrollTime</include>
			<pagecontrol>17</pagecontrol>
			<include content="WidgetSpacer">
				<param name="id" value="101"/>
			</include>
			<!-- local favs -->
			<include content="HomeSquareWidget">
				<param name="id" value="450"/>
				<param name="onup" value="6666"/>
				<param name="ondown" value="201"/>
				<param name="layout" value="SquareFavourits"/>
				<param name="mainlabel" value="$INFO[ListItem.Label]"/>
				<param name="headline" value="$LOCALIZE[31063]"/>
				<param name="use_custom_content" value="false"/>
			</include>
			<!-- emby movies -->
			<include content="HomePosterWidget">
				<param name="visible" value="System.HasAddon(plugin.video.emby)"/>
				<param name="id" value="201"/>
				<param name="onup" value="450"/>
				<param name="ondown" value="202"/>
				<param name="headline" value="$LOCALIZE[31062]"/>
				<param name="mainlabel" value="$INFO[ListItem.Title]"/>
				<param name="sublabel" value="$INFO[ListItem.Year]"/>
				<param name="use_custom_onclick" value="true"/>
				<param name="onclick" value="SetProperty(PlayItem,$INFO[ListItem.FileNameAndPath],home)"/>
				<param name="onclick2" value="close"/>
				<param name="content" value="library://video/emby_Favorite movies.xml"/>
			</include>
			<include content="HomePosterWidget">
				<param name="visible" value="System.HasAddon(plugin.video.embycon)"/>
				<param name="id" value="202"/>
				<param name="onup" value="201"/>
				<param name="ondown" value="203"/>
				<param name="headline" value="$LOCALIZE[31062]$VAR[EmbyConLabel]"/>
				<param name="mainlabel" value="$INFO[ListItem.Title]"/>
				<param name="sublabel" value="$INFO[ListItem.Year]"/>
				<param name="sortby" value="label"/>
				<param name="use_custom_onclick" value="true"/>
				<param name="onclick" value="SetProperty(PlayItem,$INFO[ListItem.FileNameAndPath],home)"/>
				<param name="onclick2" value="close"/>
				<param name="content" value="$VAR[EmbyCon.FavMovies]"/>
			</include>
			<!-- emby shows -->
			<include content="HomePosterWidget">
				<param name="visible" value="System.HasAddon(plugin.video.emby)"/>
				<param name="id" value="203"/>
				<param name="onup" value="202"/>
				<param name="ondown" value="204"/>
				<param name="headline" value="$LOCALIZE[31064]"/>
				<param name="mainlabel" value="$INFO[ListItem.Title]"/>
				<param name="sublabel" value="$INFO[ListItem.Year]"/>
				<param name="use_custom_onclick" value="true"/>
				<param name="onclick" value="SetProperty(NextWindow,$INFO[ListItem.FolderPath],home)"/>
				<param name="onclick2" value="close"/>
				<param name="content" value="library://video/emby_Favorite tvshows.xml"/>
			</include>
			<include content="HomePosterWidget">
				<param name="visible" value="System.HasAddon(plugin.video.embycon)"/>
				<param name="id" value="204"/>
				<param name="onup" value="203"/>
				<param name="ondown" value="205"/>
				<param name="headline" value="$LOCALIZE[31064]$VAR[EmbyConLabel]"/>
				<param name="mainlabel" value="$INFO[ListItem.Title]"/>
				<param name="sublabel" value="$INFO[ListItem.Year]"/>
				<param name="sortby" value="label"/>
				<param name="use_custom_onclick" value="true"/>
				<param name="onclick" value="SetProperty(NextWindow,$INFO[ListItem.FolderPath],home)"/>
				<param name="onclick2" value="close"/>
				<param name="content" value="$VAR[EmbyCon.FavTVShows]"/>
			</include>
			<!-- emby episodes -->
			<include content="HomeWideWidget">
				<param name="visible" value="System.HasAddon(plugin.video.emby)"/>
				<param name="id" value="205"/>
				<param name="onup" value="204"/>
				<param name="ondown" value="206"/>
				<param name="headline" value="$LOCALIZE[31065]"/>
				<param name="sublabel" value="$INFO[ListItem.TvShowTitle]"/>
				<param name="mainlabel" value="$INFO[ListItem.Season,S,:]$INFO[ListItem.Episode,E, - ]$INFO[ListItem.Title]"/>
				<param name="use_custom_onclick" value="true"/>
				<param name="onclick" value="SetProperty(PlayItem,$INFO[ListItem.FileNameAndPath],home)"/>
				<param name="onclick2" value="close"/>
				<param name="content" value="library://video/emby_Favorite episodes.xml"/>
			</include>
			<include content="HomeWideWidget">
				<param name="visible" value="System.HasAddon(plugin.video.embycon)"/>
				<param name="id" value="206"/>
				<param name="onup" value="205"/>
				<param name="ondown" value="207"/>
				<param name="headline" value="$LOCALIZE[31065]$VAR[EmbyConLabel]"/>
				<param name="sublabel" value="$INFO[ListItem.TvShowTitle]"/>
				<param name="mainlabel" value="$INFO[ListItem.Season,S,:]$INFO[ListItem.Episode,E, - ]$INFO[ListItem.Title]"/>
				<param name="sortby" value="label"/>
				<param name="use_custom_onclick" value="true"/>
				<param name="onclick" value="SetProperty(PlayItem,$INFO[ListItem.FileNameAndPath],home)"/>
				<param name="onclick2" value="close"/>
				<param name="content" value="$VAR[EmbyCon.FavEpisodes]"/>
			</include>
			<!-- Fav artist -->
			<include content="HomeSquareWidget">
				<param name="visible" value="System.HasAddon(plugin.video.embycon)"/>
				<param name="id" value="207"/>
				<param name="onup" value="206"/>
				<param name="ondown" value="208"/>
				<param name="headline" value="$LOCALIZE[31212]$VAR[EmbyConLabel]"/>
				<param name="mainlabel" value="$INFO[ListItem.Title]"/>
				<param name="sublabel" value="$INFO[ListItem.Year]"/>
				<param name="sortby" value="label"/>
				<param name="use_custom_onclick" value="true"/>
				<param name="onclick" value="SetProperty(NextWindow,$INFO[ListItem.FolderPath],home)"/>
				<param name="onclick2" value="close"/>
				<param name="widget_target" value="music"/>
				<param name="content" value="$VAR[EmbyCon.FavArtists]"/>
			</include>
			<!-- fav album -->
			<include content="HomeSquareWidget">
				<param name="visible" value="System.HasAddon(plugin.video.embycon)"/>
				<param name="id" value="208"/>
				<param name="onup" value="207"/>
				<param name="ondown" value="209"/>
				<param name="headline" value="$LOCALIZE[31213]$VAR[EmbyConLabel]"/>
				<param name="mainlabel" value="$INFO[ListItem.Title]"/>
				<param name="sublabel" value="$INFO[ListItem.artist]"/>
				<param name="sortby" value="label"/>
				<param name="use_custom_onclick" value="true"/>
				<param name="onclick" value="SetProperty(NextWindow,$INFO[ListItem.FolderPath],home)"/>
				<param name="onclick2" value="close"/>
				<param name="widget_target" value="music"/>
				<param name="content" value="$VAR[EmbyCon.FavAlbums]"/>
			</include>
			<!-- fav song -->
			<include content="HomeSquareWidget">
				<param name="visible" value="System.HasAddon(plugin.video.embycon)"/>
				<param name="id" value="209"/>
				<param name="onup" value="208"/>
				<param name="ondown" value="noop"/>
				<param name="headline" value="$LOCALIZE[31214]$VAR[EmbyConLabel]"/>
				<param name="mainlabel" value="$INFO[ListItem.Title]"/>
				<param name="sublabel" value="$INFO[ListItem.artist]"/>
				<param name="sortby" value="label"/>
				<param name="use_custom_onclick" value="true"/>
				<param name="onclick" value="SetProperty(PlayItem,$INFO[ListItem.FileNameAndPath],home)"/>
				<param name="onclick2" value="close"/>
				<param name="widget_target" value="music"/>
				<param name="content" value="$VAR[EmbyCon.FavSongs]"/>
			</include>

		</control>
		<!-- header bar -->
		<include content="HeaderBar">
			<param name="id">10</param>
		</include>
		<!-- side panel -->
		<include content="SidePanel">
			<param name="onright">10</param>
		</include>
	</controls>
</window>
