<?xml version="1.0" encoding="UTF-8"?>
<window id="3301" type="dialog">
    <defaultcontrol always="true">3010</defaultcontrol>
    <controls>
        <!-- EmbyCon Dialog -->
        <include content="DiffuseMask">
            <param name="visible">true</param>
        </include>
        <control type="group">
            <include>Dialog_PopupOpenClose</include>
            <centerleft>50%</centerleft>
            <width>284</width>
            <centertop>50%</centertop>
            <height>970</height>
            <control type="grouplist" id="3300">
                <orientation>vertical</orientation>
                <height>auto</height>
                <align>center</align>
                <itemgap>0</itemgap>
                <onright>close</onright>
                <onleft>close</onleft>
                <usecontrolcoords>true</usecontrolcoords>
                <control type="image">
                    <width>100%</width>
                    <height>10</height>
                    <texture colordiffuse="panel">common/menu_top.png</texture>
                </control>
                <control type="button" id="3010">
                    <include content="CommonButton"/>
                </control>
                <control type="button" id="3011">
                    <include content="CommonButton"/>
                </control>
                <control type="image">
                    <width>100%</width>
                    <height>10</height>
                    <texture colordiffuse="panel">common/menu_bottom.png</texture>
                </control>
            </control>
        </control>
    </controls>
</window>
