<?xml version="1.0" encoding="UTF-8"?>
<window>
	<controls>
		<!-- Hidden Controls -->
		<control type="button" id="101">
			<include>HiddenObject</include>
		</control>
		<control type="radiobutton" id="202">
			<include>HiddenObject</include>
		</control>
		<!-- Background -->
		<include>Background</include>
		<!-- Dialog -->
		<control type="grouplist" id="500">
			<include>Window_OpenClose</include>
			<width>100%</width>
			<height>100%</height>
			<orientation>vertical</orientation>
			<usecontrolcoords>true</usecontrolcoords>
			<include>ScrollTime</include>
			<itemgap>-80</itemgap>
			<!-- Meta -->
			<control type="group">
				<width>1920</width>
				<height>604</height>
				<control type="group">
					<top>128</top>
					<height>435</height>
					<width>1920</width>
					<!-- poster -->
					<control type="group">
						<left>70</left>
						<control type="image">
							<top>-2</top>
							<left>-2</left>
							<width>282</width>
							<height>420</height>
					<texture border="20,20,20,20">items/shadow.png</texture>
						</control>
						<control type="image">
							<width>276</width>
							<height>414</height>
							<texture colordiffuse="thumb_background_fallback" diffuse="items/mask_poster.png">common/white.jpg</texture>
							<aspectratio scalediffuse="false">stretch</aspectratio>
							<visible>String.IsEmpty(Window.Property(next.poster))</visible>
						</control>
						<control type="textbox">
							<top>10</top>
							<left>10</left>
							<width>256</width>
							<height>394</height>
							<font>Light24</font>
							<align>center</align>
							<aligny>center</aligny>
							<label>$INFO[ListItem.Label]</label>
							<visible>String.IsEmpty(Window.Property(next.poster))</visible>
						</control>
						<control type="image">
							<width>276</width>
							<height>414</height>
							<texture diffuse="items/mask_poster.png" background="true">$INFO[Window.Property(next.poster)]</texture>
							<aspectratio scalediffuse="false">scale</aspectratio>
						</control>
					</control>
					<!-- meta -->
					<control type="grouplist">
						<left>370</left>
						<orientation>vertical</orientation>
						<height>500</height>
						<align>top</align>
						<itemgap>0</itemgap>
						<width>1480</width>
						<control type="label">
							<width>1040</width>
							<height>60</height>
							<label>$INFO[Window.Property(next.tvshowtitle)]</label>
							<font>Reg37</font>
						</control>
						<control type="label">
							<width>1040</width>
							<height>60</height>
							<label>$INFO[Window.Property(next.season),S,:]$INFO[Window.Property(next.episode),E, - ]$INFO[Window.Property(next.title)]</label>
							<font>Reg37</font>
						</control>
						<control type="grouplist">
							<height>40</height>
							<width>1040</width>
							<itemgap>5</itemgap>
							<orientation>horizontal</orientation>
							<control type="label">
								<include>MetaLabel</include>
								<label>$INFO[Window.Property(next.duration),, $LOCALIZE[12391]]   </label>
								<visible>!String.IsEmpty(Window.Property(next.duration))</visible>
							</control>
							<control type="label">
								<font>Material26</font>
								<textcolor>red</textcolor>
								<include>MetaLabel</include>
								<label></label>
								<visible>!String.IsEmpty(Window.Property(next.rating))</visible>
							</control>
							<control type="label">
								<include>MetaLabel</include>
								<label>$INFO[Window.Property(next.rating)]   </label>
								<visible>!String.IsEmpty(Window.Property(next.rating))</visible>
							</control>
						</control>
						<control type="grouplist" id="100">
							<height>75</height>
							<orientation>horizontal</orientation>
							<itemgap>5</itemgap>
							<onright>noop</onright>
							<onleft>900</onleft>
							<control type="button" id="102">
								<include>LightGreyButton</include>
								<label>$LOCALIZE[208]</label>
								<onup>SetFocus(6666)</onup>
								<ondown>SetFocus(400)</ondown>
								<onclick>close</onclick>
							</control>
							<control type="button" id="201">
								<include>LightGreyButton</include>
								<label>$LOCALIZE[31076]</label>
								<onup>SetFocus(6666)</onup>
								<ondown>SetFocus(400)</ondown>
								<onclick>close</onclick>
							</control>
							<control type="button" id="97">
								<visible>!String.IsEmpty(Window.Property(next.plot))</visible>
								<include>LightGreyButton</include>
								<width>70</width>
								<height>50</height>
								<font>material24</font>
								<label></label>
								<onclick>RunScript(script.skin.helper.service,action=textviewer,header='$ESCINFO[Window.Property(next.title)]',message='$ESCINFO[Window.Property(next.plot)]')</onclick>
								<onup>SetFocus(6666)</onup>
								<ondown>SetFocus(400)</ondown>
							</control>
						</control>
						<control type="textbox">
							<width>100%</width>
							<height max="100">auto</height>
							<align>justify</align>
							<aligny>top</aligny>
							<label>$INFO[Window.Property(next.plot)]</label>
							<font>Light24</font>
							<autoscroll>false</autoscroll>
						</control>
						<control type="label">
							<height>20</height>
						</control>
						<control type="button">
							<visible>!String.IsEmpty(Window.Property(countdown)) + String.IsEmpty(Window.Property(stillwatching))</visible>
							<width min="50">auto</width>
							<height>48</height>
							<font>reg20</font>
							<label>$INFO[Window.Property(countdown),$LOCALIZE[31078] , $LOCALIZE[31077]]</label>
							<textoffsetx>15</textoffsetx>
							<align>center</align>
							<disabledcolor>white</disabledcolor>
							<texturefocus border="10" colordiffuse="blue">items/button.png</texturefocus>
							<texturenofocus border="10" colordiffuse="blue">items/button.png</texturenofocus>
							<enable>false</enable>
						</control>
					</control>
					<!-- logo -->
					<control type="image">
						<right>70</right>
						<width>400</width>
						<height>155</height>
						<texture>$INFO[Window.Property(clearlogo)]</texture>
						<aspectratio>keep</aspectratio>
					</control>
				</control>
			</control>
			<!-- Other shows -->
			<include content="PosterWidget">
				<param name="id" value="400"/>
				<param name="mainlabel" value="$INFO[ListItem.TVShowTitle]"/>
				<param name="sublabel" value="$INFO[ListItem.Year]"/>
				<param name="thumblabel" value="$INFO[ListItem.TVShowTitle]"/>
				<param name="headline" value="$LOCALIZE[626]"/>
				<param name="height" value="550"/>
				<param name="onup" value="100"/>
				<param name="ondown" value="noop"/>
				<param name="use_custom_content" value="false"/>
			</include>
		</control>
		<!-- header bar -->
		<include content="HeaderBar">
			<param name="id">500</param>
		</include>
		<!-- side panel -->
		<include content="SidePanel">
			<param name="onright">500</param>
		</include>
	</controls>
</window>